#ifndef __mmceman_irx__
#define __mmceman_irx__

unsigned int size_mmceman_irx = 16729;
unsigned char mmceman_irx[] __attribute__((aligned(16))) = {
	0x7f, 0x45, 0x4c, 0x46, 0x01, 0x01, 0x01, 0x00, 0x00, 0x00, 0x00, 0x00, 0x00, 0x00, 0x00, 0x00, 
	0x80, 0xff, 0x08, 0x00, 0x01, 0x00, 0x00, 0x00, 0x54, 0x31, 0x00, 0x00, 0x34, 0x00, 0x00, 0x00, 
	0x48, 0x34, 0x00, 0x00, 0x01, 0x10, 0x00, 0x00, 0x34, 0x00, 0x20, 0x00, 0x02, 0x00, 0x28, 0x00, 
	0x0c, 0x00, 0x09, 0x00, 0x80, 0x00, 0x00, 0x70, 0x74, 0x00, 0x00, 0x00, 0x00, 0x00, 0x00, 0x00, 
	0x00, 0x00, 0x00, 0x00, 0x1b, 0x00, 0x00, 0x00, 0x00, 0x00, 0x00, 0x00, 0x04, 0x00, 0x00, 0x00, 
	0x04, 0x00, 0x00, 0x00, 0x01, 0x00, 0x00, 0x00, 0x90, 0x00, 0x00, 0x00, 0x00, 0x00, 0x00, 0x00, 
	0x00, 0x00, 0x00, 0x00, 0x5c, 0x33, 0x00, 0x00, 0x00, 0x34, 0x00, 0x00, 0x07, 0x00, 0x00, 0x00, 
	0x10, 0x00, 0x00, 0x00, 0x40, 0x33, 0x00, 0x00, 0x54, 0x31, 0x00, 0x00, 0x4c, 0xb3, 0x00, 0x00, 
	0x90, 0x31, 0x00, 0x00, 0xd0, 0x01, 0x00, 0x00, 0xa0, 0x00, 0x00, 0x00, 0x01, 0x02, 0x00, 0x00, 
	0xd0, 0xff, 0xbd, 0x27, 0x28, 0x00, 0xb3, 0xaf, 0x24, 0x00, 0xb2, 0xaf, 0x20, 0x00, 0xb1, 0xaf, 
	0x1c, 0x00, 0xb0, 0xaf, 0x25, 0x90, 0x80, 0x00, 0x2c, 0x00, 0xbf, 0xaf, 0x25, 0x88, 0xa0, 0x00, 
	0xbd, 0x0b, 0x11, 0x04, 0x38, 0x00, 0xa6, 0xaf, 0x00, 0x00, 0x44, 0x8c, 0x25, 0x80, 0x00, 0x00, 
	0x08, 0x00, 0x13, 0x24, 0x09, 0x00, 0x80, 0x14, 0x00, 0x00, 0x00, 0x00, 0x2c, 0x00, 0xbf, 0x8f, 
	0x28, 0x00, 0xb3, 0x8f, 0x24, 0x00, 0xb2, 0x8f, 0x20, 0x00, 0xb1, 0x8f, 0x25, 0x10, 0x00, 0x02, 
	0x1c, 0x00, 0xb0, 0x8f, 0x08, 0x00, 0xe0, 0x03, 0x30, 0x00, 0xbd, 0x27, 0x25, 0x10, 0x00, 0x00, 
	0x21, 0x18, 0x82, 0x00, 0x21, 0x30, 0x42, 0x02, 0x0c, 0x00, 0x65, 0x80, 0x00, 0x00, 0xc3, 0x80, 
	0x00, 0x00, 0x00, 0x00, 0x09, 0x00, 0xa3, 0x14, 0x01, 0x00, 0x42, 0x24, 0xf8, 0xff, 0x53, 0x14, 
	0x00, 0x00, 0x00, 0x00, 0x38, 0x00, 0xa5, 0x8f, 0x09, 0xf8, 0x20, 0x02, 0x10, 0x00, 0xa4, 0xaf, 
	0x10, 0x00, 0xa4, 0x8f, 0xe9, 0xff, 0x40, 0x14, 0x01, 0x00, 0x10, 0x26, 0x00, 0x00, 0x84, 0x8c, 
	0xe4, 0xff, 0x00, 0x10, 0x00, 0x00, 0x00, 0x00, 0x06, 0x00, 0x80, 0x10, 0x25, 0x10, 0x00, 0x00, 
	0x14, 0x00, 0x84, 0x24, 0x00, 0x00, 0x83, 0x8c, 0x00, 0x00, 0x00, 0x00, 0x03, 0x00, 0x60, 0x14, 
	0x04, 0x00, 0x84, 0x24, 0x08, 0x00, 0xe0, 0x03, 0x00, 0x00, 0x00, 0x00, 0xf9, 0xff, 0x00, 0x10, 
	0x01, 0x00, 0x42, 0x24, 0xd0, 0xff, 0xbd, 0x27, 0x28, 0x00, 0xb4, 0xaf, 0x20, 0x00, 0xb2, 0xaf, 
	0x1c, 0x00, 0xb1, 0xaf, 0x2c, 0x00, 0xbf, 0xaf, 0x24, 0x00, 0xb3, 0xaf, 0x18, 0x00, 0xb0, 0xaf, 
	0xed, 0xff, 0x11, 0x04, 0x25, 0x88, 0x80, 0x00, 0x25, 0xa0, 0x40, 0x00, 0x2b, 0x10, 0xa2, 0x00, 
	0x15, 0x00, 0x40, 0x10, 0x25, 0x90, 0x00, 0x00, 0x04, 0x00, 0xb0, 0x24, 0x80, 0x80, 0x10, 0x00, 
	0x10, 0x00, 0xa4, 0x27, 0x21, 0x80, 0x30, 0x02, 0x74, 0x0b, 0x11, 0x04, 0x25, 0x98, 0xc0, 0x00, 
	0x04, 0x00, 0x12, 0x8e, 0x14, 0x00, 0x24, 0x26, 0x25, 0x10, 0x00, 0x00, 0x00, 0x00, 0x83, 0x8c, 
	0x00, 0x00, 0x00, 0x00, 0x02, 0x00, 0x72, 0x14, 0x00, 0x00, 0x00, 0x00, 0x00, 0x00, 0x93, 0xac, 
	0x01, 0x00, 0x42, 0x24, 0xf9, 0xff, 0x82, 0x16, 0x04, 0x00, 0x84, 0x24, 0x10, 0x00, 0xa4, 0x8f, 
	0x68, 0x0b, 0x11, 0x04, 0x00, 0x00, 0x00, 0x00, 0x2c, 0x00, 0xbf, 0x8f, 0x28, 0x00, 0xb4, 0x8f, 
	0x24, 0x00, 0xb3, 0x8f, 0x1c, 0x00, 0xb1, 0x8f, 0x18, 0x00, 0xb0, 0x8f, 0x25, 0x10, 0x40, 0x02, 
	0x20, 0x00, 0xb2, 0x8f, 0x08, 0x00, 0xe0, 0x03, 0x30, 0x00, 0xbd, 0x27, 0x04, 0x00, 0x85, 0x8c, 
	0x00, 0x08, 0x06, 0x3c, 0x03, 0x00, 0xa0, 0x14, 0x14, 0x00, 0xa2, 0x24, 0x08, 0x00, 0xe0, 0x03, 
	0x00, 0x00, 0x00, 0x00, 0x03, 0x00, 0x43, 0x88, 0x00, 0x00, 0x43, 0x98, 0x00, 0x00, 0x00, 0x00, 
	0x05, 0x00, 0x60, 0x14, 0x00, 0x00, 0x00, 0x00, 0x07, 0x00, 0xa2, 0x88, 0x04, 0x00, 0xa2, 0x98, 
	0xf4, 0xff, 0x00, 0x10, 0x25, 0x28, 0x40, 0x00, 0x05, 0x00, 0x43, 0x90, 0x04, 0x00, 0x47, 0x90, 
	0x00, 0x1a, 0x03, 0x00, 0x25, 0x18, 0x67, 0x00, 0x04, 0x00, 0x63, 0x24, 0x80, 0x18, 0x03, 0x00, 
	0x21, 0x18, 0x83, 0x00, 0x04, 0x00, 0x63, 0x8c, 0x00, 0x00, 0x00, 0x00, 0x00, 0x19, 0x03, 0x00, 
	0x82, 0x19, 0x03, 0x00, 0x25, 0x18, 0x66, 0x00, 0x03, 0x00, 0x43, 0xa8, 0x00, 0x00, 0x43, 0xb8, 
	0xe8, 0xff, 0x00, 0x10, 0x08, 0x00, 0x42, 0x24, 0x00, 0x00, 0x00, 0x00, 0x00, 0x00, 0x00, 0x00, 
	0x06, 0x00, 0xa0, 0x10, 0x00, 0x00, 0x00, 0x00, 0x00, 0x00, 0xa2, 0x8c, 0x00, 0x00, 0x00, 0x00, 
	0x02, 0x00, 0x40, 0x14, 0x00, 0x00, 0x00, 0x00, 0x00, 0x00, 0xa4, 0xac, 0x08, 0x00, 0xe0, 0x03, 
	0x01, 0x00, 0x02, 0x24, 0xe0, 0xff, 0xbd, 0x27, 0x1c, 0x00, 0xbf, 0xaf, 0x2f, 0x0b, 0x11, 0x04, 
	0x10, 0x00, 0xa4, 0x27, 0x00, 0x00, 0x04, 0x3c, 0x70, 0x33, 0x84, 0x8c, 0x00, 0x00, 0x00, 0x00, 
	0x0a, 0x00, 0x80, 0x10, 0x00, 0x00, 0x00, 0x00, 0x00, 0x00, 0x06, 0x3c, 0x64, 0x33, 0xc6, 0x8c, 
	0x00, 0x00, 0x00, 0x00, 0x03, 0x00, 0xc0, 0x10, 0x00, 0x00, 0x00, 0x00, 0x9d, 0xff, 0x11, 0x04, 
	0x04, 0x00, 0x05, 0x24, 0x00, 0x00, 0x01, 0x3c, 0x70, 0x33, 0x20, 0xac, 0x10, 0x00, 0xa4, 0x8f, 
	0x20, 0x0b, 0x11, 0x04, 0x00, 0x00, 0x00, 0x00, 0x1c, 0x00, 0xbf, 0x8f, 0x00, 0x00, 0x00, 0x00, 
	0x08, 0x00, 0xe0, 0x03, 0x20, 0x00, 0xbd, 0x27, 0xe0, 0xff, 0xbd, 0x27, 0x1c, 0x00, 0xbf, 0xaf, 
	0x16, 0x0b, 0x11, 0x04, 0x10, 0x00, 0xa4, 0x27, 0x00, 0x00, 0x04, 0x3c, 0x74, 0x33, 0x84, 0x8c, 
	0x00, 0x00, 0x00, 0x00, 0x0a, 0x00, 0x80, 0x10, 0x00, 0x00, 0x00, 0x00, 0x00, 0x00, 0x06, 0x3c, 
	0x60, 0x33, 0xc6, 0x8c, 0x00, 0x00, 0x00, 0x00, 0x03, 0x00, 0xc0, 0x10, 0x00, 0x00, 0x00, 0x00, 
	0x84, 0xff, 0x11, 0x04, 0x06, 0x00, 0x05, 0x24, 0x00, 0x00, 0x01, 0x3c, 0x74, 0x33, 0x20, 0xac, 
	0x10, 0x00, 0xa4, 0x8f, 0x07, 0x0b, 0x11, 0x04, 0x00, 0x00, 0x00, 0x00, 0x1c, 0x00, 0xbf, 0x8f, 
	0x00, 0x00, 0x00, 0x00, 0x08, 0x00, 0xe0, 0x03, 0x20, 0x00, 0xbd, 0x27, 0xe0, 0xff, 0xbd, 0x27, 
	0x18, 0x00, 0xb0, 0xaf, 0x25, 0x80, 0x80, 0x00, 0x1c, 0x00, 0xbf, 0xaf, 0xfb, 0x0a, 0x11, 0x04, 
	0x10, 0x00, 0xa4, 0x27, 0x08, 0x00, 0x02, 0x96, 0x02, 0x01, 0x03, 0x24, 0x00, 0x00, 0x04, 0x3c, 
	0x78, 0x33, 0x84, 0x24, 0x03, 0x00, 0x43, 0x10, 0x07, 0x02, 0x03, 0x24, 0x0c, 0x00, 0x43, 0x14, 
	0x00, 0x00, 0x00, 0x00, 0x02, 0x12, 0x02, 0x00, 0xff, 0xff, 0x43, 0x24, 0x40, 0x10, 0x03, 0x00, 
	0x21, 0x10, 0x43, 0x00, 0x80, 0x10, 0x02, 0x00, 0x70, 0x00, 0x03, 0x8e, 0x21, 0x10, 0x82, 0x00, 
	0x04, 0x00, 0x43, 0xac, 0x7c, 0x00, 0x03, 0x8e, 0x00, 0x00, 0x50, 0xac, 0x08, 0x00, 0x43, 0xac, 
	0x00, 0x00, 0x82, 0x8c, 0x00, 0x00, 0x00, 0x00, 0x07, 0x00, 0x40, 0x10, 0x00, 0x00, 0x00, 0x00, 
	0x0c, 0x00, 0x82, 0x8c, 0x00, 0x00, 0x00, 0x00, 0x03, 0x00, 0x40, 0x10, 0x00, 0x00, 0x00, 0x00, 
	0xc5, 0xff, 0x11, 0x04, 0x00, 0x00, 0x00, 0x00, 0x10, 0x00, 0xa4, 0x8f, 0xdd, 0x0a, 0x11, 0x04, 
	0x00, 0x00, 0x00, 0x00, 0x1c, 0x00, 0xbf, 0x8f, 0x18, 0x00, 0xb0, 0x8f, 0x08, 0x00, 0xe0, 0x03, 
	0x20, 0x00, 0xbd, 0x27, 0x08, 0x00, 0x83, 0x94, 0x00, 0x00, 0x00, 0x00, 0x02, 0x1a, 0x03, 0x00, 
	0xff, 0xff, 0x63, 0x24, 0x02, 0x00, 0x63, 0x2c, 0x12, 0x00, 0x60, 0x10, 0x01, 0x00, 0x02, 0x24, 
	0xe8, 0xff, 0xbd, 0x27, 0x14, 0x00, 0xbf, 0xaf, 0xcc, 0xff, 0x11, 0x04, 0x00, 0x00, 0x00, 0x00, 
	0x00, 0x00, 0x03, 0x3c, 0x78, 0x33, 0x63, 0x24, 0x00, 0x00, 0x64, 0x8c, 0x00, 0x00, 0x00, 0x00, 
	0x04, 0x00, 0x80, 0x10, 0x25, 0x10, 0x00, 0x00, 0x0c, 0x00, 0x62, 0x8c, 0x00, 0x00, 0x00, 0x00, 
	0x2b, 0x10, 0x02, 0x00, 0x14, 0x00, 0xbf, 0x8f, 0x00, 0x00, 0x00, 0x00, 0x08, 0x00, 0xe0, 0x03, 
	0x18, 0x00, 0xbd, 0x27, 0x08, 0x00, 0xe0, 0x03, 0x00, 0x00, 0x00, 0x00, 0xd8, 0xff, 0xbd, 0x27, 
	0x00, 0x00, 0x02, 0x3c, 0x64, 0x33, 0x42, 0x8c, 0x20, 0x00, 0xb2, 0xaf, 0x1c, 0x00, 0xb1, 0xaf, 
	0x18, 0x00, 0xb0, 0xaf, 0x24, 0x00, 0xbf, 0xaf, 0x25, 0x90, 0x80, 0x00, 0x25, 0x88, 0xc0, 0x00, 
	0x09, 0xf8, 0x40, 0x00, 0x25, 0x80, 0xe0, 0x00, 0x0f, 0x00, 0x40, 0x14, 0x11, 0x00, 0x03, 0x24, 
	0x0d, 0x00, 0x43, 0x16, 0x00, 0x00, 0x00, 0x00, 0x00, 0x00, 0x03, 0x3c, 0x6c, 0x33, 0x63, 0x8c, 
	0x00, 0x00, 0x00, 0x00, 0x08, 0x00, 0x60, 0x14, 0x00, 0x00, 0x00, 0x00, 0x10, 0x00, 0xa2, 0xaf, 
	0x00, 0x00, 0x01, 0x3c, 0x6c, 0x33, 0x31, 0xac, 0x00, 0x00, 0x01, 0x3c, 0x71, 0xff, 0x11, 0x04, 
	0x68, 0x33, 0x30, 0xac, 0x10, 0x00, 0xa2, 0x8f, 0x24, 0x00, 0xbf, 0x8f, 0x20, 0x00, 0xb2, 0x8f, 
	0x1c, 0x00, 0xb1, 0x8f, 0x18, 0x00, 0xb0, 0x8f, 0x08, 0x00, 0xe0, 0x03, 0x28, 0x00, 0xbd, 0x27, 
	0xe0, 0xff, 0xbd, 0x27, 0x00, 0x00, 0x02, 0x3c, 0x60, 0x33, 0x42, 0x8c, 0x18, 0x00, 0xb1, 0xaf, 
	0x14, 0x00, 0xb0, 0xaf, 0x1c, 0x00, 0xbf, 0xaf, 0x09, 0xf8, 0x40, 0x00, 0x25, 0x80, 0x80, 0x00, 
	0x09, 0x00, 0x40, 0x14, 0x25, 0x88, 0x40, 0x00, 0x00, 0x00, 0x05, 0x3c, 0xc0, 0x31, 0xa5, 0x24, 
	0xb3, 0x0a, 0x11, 0x04, 0x0c, 0x00, 0x04, 0x26, 0x03, 0x00, 0x40, 0x14, 0x00, 0x00, 0x00, 0x00, 
	0x8a, 0xff, 0x11, 0x04, 0x25, 0x20, 0x00, 0x02, 0x1c, 0x00, 0xbf, 0x8f, 0x14, 0x00, 0xb0, 0x8f, 
	0x25, 0x10, 0x20, 0x02, 0x18, 0x00, 0xb1, 0x8f, 0x08, 0x00, 0xe0, 0x03, 0x20, 0x00, 0xbd, 0x27, 
	0xe8, 0xff, 0xbd, 0x27, 0x14, 0x00, 0xbf, 0xaf, 0x7e, 0x0a, 0x11, 0x04, 0x00, 0x00, 0x00, 0x00, 
	0x00, 0x00, 0x42, 0x8c, 0x00, 0x00, 0x00, 0x00, 0x88, 0x00, 0x43, 0x8c, 0x8c, 0x00, 0x42, 0x8c, 
	0x00, 0x00, 0x05, 0x3c, 0x94, 0x03, 0xa5, 0x24, 0x00, 0x00, 0x04, 0x3c, 0xc0, 0x31, 0x84, 0x24, 
	0x00, 0x00, 0x01, 0x3c, 0x6c, 0x33, 0x23, 0xac, 0x00, 0x00, 0x01, 0x3c, 0x68, 0x33, 0x22, 0xac, 
	0xb7, 0xfe, 0x11, 0x04, 0x25, 0x30, 0x00, 0x00, 0x2d, 0x00, 0x40, 0x14, 0x00, 0x00, 0x00, 0x00, 
	0x00, 0x00, 0x06, 0x3c, 0x74, 0x33, 0xc6, 0x24, 0x00, 0x00, 0x05, 0x3c, 0x00, 0x02, 0xa5, 0x24, 
	0x00, 0x00, 0x04, 0x3c, 0xae, 0xfe, 0x11, 0x04, 0xc8, 0x31, 0x84, 0x24, 0x00, 0x00, 0x04, 0x3c, 
	0xd4, 0x31, 0x84, 0x24, 0x00, 0x00, 0x06, 0x3c, 0x70, 0x33, 0xc6, 0x24, 0x00, 0x00, 0x05, 0x3c, 
	0xa7, 0xfe, 0x11, 0x04, 0x00, 0x02, 0xa5, 0x24, 0x00, 0x00, 0x04, 0x3c, 0x74, 0x33, 0x84, 0x8c, 
	0x00, 0x00, 0x00, 0x00, 0x1b, 0x00, 0x80, 0x10, 0xff, 0xff, 0x02, 0x24, 0x00, 0x00, 0x03, 0x3c, 
	0x70, 0x33, 0x63, 0x8c, 0x00, 0x00, 0x00, 0x00, 0x16, 0x00, 0x60, 0x10, 0x00, 0x00, 0x00, 0x00, 
	0x00, 0x00, 0x06, 0x3c, 0x80, 0x04, 0xc6, 0x24, 0xce, 0xfe, 0x11, 0x04, 0x06, 0x00, 0x05, 0x24, 
	0x00, 0x00, 0x04, 0x3c, 0x74, 0x33, 0x84, 0x8c, 0x00, 0x00, 0x01, 0x3c, 0xf3, 0xfe, 0x11, 0x04, 
	0x60, 0x33, 0x22, 0xac, 0x00, 0x00, 0x04, 0x3c, 0x70, 0x33, 0x84, 0x8c, 0x00, 0x00, 0x06, 0x3c, 
	0xfc, 0x03, 0xc6, 0x24, 0xc3, 0xfe, 0x11, 0x04, 0x04, 0x00, 0x05, 0x24, 0x00, 0x00, 0x04, 0x3c, 
	0x70, 0x33, 0x84, 0x8c, 0x00, 0x00, 0x01, 0x3c, 0xe8, 0xfe, 0x11, 0x04, 0x64, 0x33, 0x22, 0xac, 
	0x25, 0x10, 0x00, 0x00, 0x14, 0x00, 0xbf, 0x8f, 0x00, 0x00, 0x00, 0x00, 0x08, 0x00, 0xe0, 0x03, 
	0x18, 0x00, 0xbd, 0x27, 0x00, 0x00, 0x02, 0x3c, 0x78, 0x33, 0x42, 0x24, 0x00, 0x00, 0x43, 0x8c, 
	0xe8, 0xff, 0xbd, 0x27, 0x03, 0x00, 0x60, 0x10, 0x14, 0x00, 0xbf, 0xaf, 0x00, 0x00, 0x01, 0x3c, 
	0x78, 0x33, 0x20, 0xac, 0x0c, 0x00, 0x42, 0x8c, 0x00, 0x00, 0x00, 0x00, 0x03, 0x00, 0x40, 0x10, 
	0x00, 0x00, 0x00, 0x00, 0x00, 0x00, 0x01, 0x3c, 0x84, 0x33, 0x20, 0xac, 0x16, 0xff, 0x11, 0x04, 
	0x00, 0x00, 0x00, 0x00, 0x14, 0x00, 0xbf, 0x8f, 0xfa, 0xfe, 0x00, 0x10, 0x18, 0x00, 0xbd, 0x27, 
	0x00, 0x00, 0x19, 0x3c, 0x88, 0x33, 0x39, 0x8f, 0x00, 0x00, 0x00, 0x00, 0x03, 0x00, 0x20, 0x13, 
	0x00, 0x00, 0x00, 0x00, 0x08, 0x00, 0x20, 0x03, 0x00, 0x00, 0x00, 0x00, 0x08, 0x00, 0xe0, 0x03, 
	0x00, 0x00, 0x00, 0x00, 0x00, 0x00, 0x19, 0x3c, 0x8c, 0x33, 0x39, 0x8f, 0x00, 0x00, 0x00, 0x00, 
	0x03, 0x00, 0x20, 0x13, 0x00, 0x00, 0x00, 0x00, 0x08, 0x00, 0x20, 0x03, 0x00, 0x00, 0x00, 0x00, 
	0x08, 0x00, 0xe0, 0x03, 0x00, 0x00, 0x00, 0x00, 0xd8, 0xff, 0xbd, 0x27, 0x2c, 0x00, 0xa5, 0xaf, 
	0x24, 0x00, 0xbf, 0xaf, 0x20, 0x00, 0xb1, 0xaf, 0x1c, 0x00, 0xb0, 0xaf, 0x11, 0x0a, 0x11, 0x04, 
	0x25, 0x80, 0x80, 0x00, 0x10, 0x00, 0xa4, 0x27, 0x10, 0x0a, 0x11, 0x04, 0x25, 0x88, 0x40, 0x00, 
	0x2c, 0x00, 0xa5, 0x8f, 0x03, 0x00, 0x00, 0x16, 0x25, 0x18, 0x00, 0x02, 0x00, 0x00, 0x03, 0x3c, 
	0x6c, 0x33, 0x63, 0x8c, 0x00, 0x00, 0x22, 0x8e, 0x03, 0x00, 0x00, 0x16, 0x88, 0x00, 0x43, 0xac, 
	0x00, 0x00, 0x05, 0x3c, 0x68, 0x33, 0xa5, 0x8c, 0x10, 0x00, 0xa4, 0x8f, 0x05, 0x0a, 0x11, 0x04, 
	0x8c, 0x00, 0x45, 0xac, 0x24, 0x00, 0xbf, 0x8f, 0x20, 0x00, 0xb1, 0x8f, 0x1c, 0x00, 0xb0, 0x8f, 
	0x08, 0x00, 0xe0, 0x03, 0x28, 0x00, 0xbd, 0x27, 0x00, 0x00, 0x00, 0x00, 0x00, 0x00, 0x00, 0x00, 
	0x80, 0xbf, 0x02, 0x3c, 0xe8, 0xff, 0xbd, 0x27, 0x00, 0x00, 0x84, 0x8c, 0x80, 0x82, 0x42, 0x34, 
	0x03, 0x00, 0x03, 0x24, 0x00, 0x02, 0x05, 0x24, 0x14, 0x00, 0xbf, 0xaf, 0x00, 0x00, 0x43, 0xac, 
	0x2f, 0x0a, 0x11, 0x04, 0x00, 0x00, 0x00, 0x00, 0x14, 0x00, 0xbf, 0x8f, 0x01, 0x00, 0x02, 0x24, 
	0x08, 0x00, 0xe0, 0x03, 0x18, 0x00, 0xbd, 0x27, 0x00, 0x00, 0x84, 0x8c, 0xe8, 0xff, 0xbd, 0x27, 
	0x14, 0x00, 0xbf, 0xaf, 0x26, 0x0a, 0x11, 0x04, 0x00, 0x04, 0x05, 0x24, 0x14, 0x00, 0xbf, 0x8f, 
	0x25, 0x10, 0x00, 0x00, 0x08, 0x00, 0xe0, 0x03, 0x18, 0x00, 0xbd, 0x27, 0xd8, 0xff, 0xbd, 0x27, 
	0x24, 0x00, 0xbf, 0xaf, 0x5e, 0xff, 0x11, 0x04, 0x00, 0x00, 0x00, 0x00, 0xff, 0xff, 0x03, 0x24, 
	0x0d, 0x00, 0x43, 0x10, 0x10, 0x00, 0xa4, 0x27, 0x02, 0x00, 0x02, 0x24, 0x10, 0x00, 0xa2, 0xaf, 
	0x14, 0x00, 0xa0, 0xaf, 0x12, 0x0a, 0x11, 0x04, 0x18, 0x00, 0xa0, 0xaf, 0x00, 0x00, 0x01, 0x3c, 
	0xa4, 0x32, 0x22, 0xac, 0x08, 0x00, 0x41, 0x04, 0x03, 0x00, 0x05, 0x24, 0x95, 0xff, 0x11, 0x04, 
	0x00, 0x00, 0x00, 0x00, 0xfe, 0xff, 0x02, 0x24, 0x24, 0x00, 0xbf, 0x8f, 0x00, 0x00, 0x00, 0x00, 
	0x08, 0x00, 0xe0, 0x03, 0x28, 0x00, 0xbd, 0x27, 0x00, 0x00, 0x02, 0x3c, 0x00, 0x07, 0x42, 0x24, 
	0x00, 0x00, 0x01, 0x3c, 0xac, 0x33, 0x22, 0xac, 0x00, 0x00, 0x02, 0x3c, 0xa4, 0x32, 0x42, 0x24, 
	0x00, 0x00, 0x01, 0x3c, 0xa8, 0x33, 0x22, 0xac, 0xaa, 0x09, 0x11, 0x04, 0x0b, 0x00, 0x04, 0x24, 
	0x03, 0x00, 0x05, 0x24, 0xa7, 0x09, 0x11, 0x04, 0x0c, 0x00, 0x04, 0x24, 0xa7, 0x09, 0x11, 0x04, 
	0x0b, 0x00, 0x04, 0x24, 0xa5, 0x09, 0x11, 0x04, 0x0c, 0x00, 0x04, 0x24, 0xb7, 0x09, 0x11, 0x04, 
	0x11, 0x00, 0x04, 0x24, 0x70, 0x00, 0x02, 0x3c, 0x00, 0x80, 0x42, 0x34, 0x00, 0x00, 0x01, 0x3c, 
	0xa0, 0x33, 0x22, 0xac, 0x32, 0x02, 0x02, 0x3c, 0x00, 0x80, 0x42, 0x34, 0x00, 0x00, 0x01, 0x3c, 
	0x98, 0x33, 0x22, 0xac, 0x65, 0x04, 0x02, 0x3c, 0x00, 0x00, 0x01, 0x3c, 0x90, 0x33, 0x22, 0xac, 
	0x02, 0xff, 0x02, 0x3c, 0x05, 0x00, 0x42, 0x24, 0x00, 0x00, 0x01, 0x3c, 0xb8, 0x33, 0x22, 0xac, 
	0x05, 0x00, 0x02, 0x3c, 0xff, 0xff, 0x42, 0x34, 0x00, 0x00, 0x01, 0x3c, 0xb4, 0x33, 0x22, 0xac, 
	0x00, 0x00, 0x01, 0x3c, 0xa4, 0x33, 0x20, 0xac, 0x00, 0x00, 0x01, 0x3c, 0x9c, 0x33, 0x20, 0xac, 
	0x00, 0x00, 0x01, 0x3c, 0x94, 0x33, 0x20, 0xac, 0xcf, 0xff, 0x00, 0x10, 0x25, 0x10, 0x00, 0x00, 
	0xe8, 0xff, 0xbd, 0x27, 0x14, 0x00, 0xbf, 0xaf, 0x5e, 0xff, 0x11, 0x04, 0x00, 0x00, 0x00, 0x00, 
	0x14, 0x00, 0xbf, 0x8f, 0x00, 0x00, 0x04, 0x3c, 0xa4, 0x32, 0x84, 0x8c, 0xd2, 0x09, 0x00, 0x10, 
	0x18, 0x00, 0xbd, 0x27, 0xe8, 0xff, 0xbd, 0x27, 0x10, 0x00, 0xb0, 0xaf, 0x80, 0xbf, 0x10, 0x3c, 
	0x14, 0x00, 0xbf, 0xaf, 0x66, 0xff, 0x11, 0x04, 0x68, 0x82, 0x10, 0x36, 0x00, 0x00, 0x02, 0x8e, 
	0x00, 0x00, 0x04, 0x3c, 0xac, 0x33, 0x84, 0x8c, 0x00, 0x00, 0x05, 0x3c, 0xa8, 0x33, 0xa5, 0x8c, 
	0x00, 0x00, 0x01, 0x3c, 0x70, 0xff, 0x11, 0x04, 0xb0, 0x33, 0x22, 0xac, 0x00, 0x00, 0x02, 0x3c, 
	0xbc, 0x33, 0x42, 0x8c, 0xd8, 0xff, 0x03, 0x26, 0xc0, 0x10, 0x02, 0x00, 0x00, 0x00, 0x04, 0x3c, 
	0xb8, 0x33, 0x84, 0x8c, 0x21, 0x18, 0x43, 0x00, 0x00, 0x00, 0x64, 0xac, 0x14, 0x00, 0xbf, 0x8f, 
	0xdc, 0xff, 0x10, 0x26, 0x00, 0x00, 0x03, 0x3c, 0xb4, 0x33, 0x63, 0x8c, 0x21, 0x10, 0x50, 0x00, 
	0x00, 0x00, 0x43, 0xac, 0x10, 0x00, 0xb0, 0x8f, 0x08, 0x00, 0xe0, 0x03, 0x18, 0x00, 0xbd, 0x27, 
	0xe8, 0xff, 0xbd, 0x27, 0x25, 0x28, 0x00, 0x00, 0x14, 0x00, 0xbf, 0xaf, 0x5a, 0xff, 0x11, 0x04, 
	0x25, 0x20, 0x00, 0x00, 0x00, 0x00, 0x03, 0x3c, 0xb0, 0x33, 0x63, 0x8c, 0x80, 0xbf, 0x02, 0x3c, 
	0x14, 0x00, 0xbf, 0x8f, 0x0c, 0x00, 0x63, 0x34, 0x68, 0x82, 0x42, 0x34, 0x00, 0x00, 0x43, 0xac, 
	0x48, 0xff, 0x00, 0x10, 0x18, 0x00, 0xbd, 0x27, 0x00, 0x00, 0x01, 0x3c, 0x08, 0x00, 0xe0, 0x03, 
	0xbc, 0x33, 0x24, 0xac, 0x00, 0x00, 0x02, 0x3c, 0xbc, 0x33, 0x42, 0x8c, 0x08, 0x00, 0xe0, 0x03, 
	0x00, 0x00, 0x00, 0x00, 0x00, 0x24, 0x04, 0x00, 0xff, 0x00, 0x02, 0x3c, 0x24, 0x20, 0x82, 0x00, 
	0xff, 0xff, 0x84, 0x34, 0x00, 0x00, 0x01, 0x3c, 0x08, 0x00, 0xe0, 0x03, 0xb4, 0x33, 0x24, 0xac, 
	0x00, 0x00, 0x01, 0x3c, 0x08, 0x00, 0xe0, 0x03, 0xa0, 0x32, 0x24, 0xa0, 0x80, 0xbf, 0x03, 0x3c, 
	0xd8, 0xff, 0xbd, 0x27, 0x68, 0x82, 0x63, 0x34, 0xac, 0x03, 0x02, 0x24, 0x20, 0x00, 0xb2, 0xaf, 
	0x1c, 0x00, 0xb1, 0xaf, 0x24, 0x00, 0xbf, 0xaf, 0x18, 0x00, 0xb0, 0xaf, 0x00, 0x00, 0x62, 0xac, 
	0x00, 0x00, 0x02, 0x3c, 0xbc, 0x33, 0x42, 0x8c, 0x25, 0x88, 0xa0, 0x00, 0x03, 0x00, 0x42, 0x30, 
	0x00, 0x2a, 0x04, 0x00, 0x25, 0x10, 0x45, 0x00, 0x80, 0x2c, 0x11, 0x00, 0x25, 0x10, 0x45, 0x00, 
	0x40, 0x00, 0x42, 0x34, 0x98, 0xff, 0x62, 0xac, 0x25, 0x90, 0xe0, 0x00, 0x25, 0x10, 0x00, 0x00, 
	0xf8, 0xff, 0x63, 0x24, 0x2a, 0x28, 0x44, 0x00, 0x22, 0x00, 0xa0, 0x14, 0x80, 0xbf, 0x10, 0x3c, 
	0x38, 0x00, 0xa4, 0x8f, 0xa1, 0x03, 0x02, 0x24, 0x68, 0x82, 0x10, 0x36, 0x00, 0x00, 0x06, 0x3c, 
	0xa4, 0x32, 0xc6, 0x24, 0x00, 0x00, 0x05, 0x3c, 0x38, 0x07, 0xa5, 0x24, 0x00, 0x00, 0x02, 0xae, 
	0x64, 0x09, 0x11, 0x04, 0x00, 0x00, 0x00, 0x00, 0x00, 0x00, 0x04, 0x3c, 0xa4, 0x32, 0x84, 0x8c, 
	0x10, 0x00, 0xa7, 0x27, 0x01, 0x00, 0x06, 0x24, 0x71, 0x09, 0x11, 0x04, 0x00, 0x06, 0x05, 0x24, 
	0x10, 0x00, 0xa2, 0x8f, 0x00, 0x00, 0x00, 0x00, 0x00, 0x04, 0x42, 0x30, 0x13, 0x00, 0x40, 0x10, 
	0xac, 0x03, 0x02, 0x24, 0x00, 0x00, 0x04, 0x3c, 0xa4, 0x32, 0x84, 0x8c, 0x00, 0x00, 0x02, 0xae, 
	0x65, 0x09, 0x11, 0x04, 0xff, 0xf9, 0x05, 0x24, 0xff, 0xff, 0x02, 0x24, 0x24, 0x00, 0xbf, 0x8f, 
	0x20, 0x00, 0xb2, 0x8f, 0x1c, 0x00, 0xb1, 0x8f, 0x18, 0x00, 0xb0, 0x8f, 0x08, 0x00, 0xe0, 0x03, 
	0x28, 0x00, 0xbd, 0x27, 0x21, 0x28, 0xc2, 0x00, 0x00, 0x00, 0xa5, 0x90, 0x01, 0x00, 0x42, 0x24, 
	0x00, 0x00, 0x65, 0xa0, 0xd8, 0xff, 0x00, 0x10, 0x2a, 0x28, 0x44, 0x00, 0x00, 0x00, 0x05, 0x3c, 
	0xa4, 0x32, 0xa5, 0x24, 0x00, 0x00, 0x04, 0x3c, 0x38, 0x07, 0x84, 0x24, 0x43, 0x09, 0x11, 0x04, 
	0xfc, 0xff, 0x10, 0x26, 0x00, 0x00, 0x04, 0x3c, 0xa4, 0x32, 0x84, 0x8c, 0x4e, 0x09, 0x11, 0x04, 
	0xff, 0xf9, 0x05, 0x24, 0x25, 0x10, 0x00, 0x00, 0x2a, 0x18, 0x51, 0x00, 0x03, 0x00, 0x60, 0x14, 
	0x00, 0x00, 0x00, 0x00, 0xe5, 0xff, 0x00, 0x10, 0x25, 0x10, 0x00, 0x00, 0x00, 0x00, 0x04, 0x92, 
	0x21, 0x18, 0x42, 0x02, 0x00, 0x00, 0x64, 0xa0, 0xf7, 0xff, 0x00, 0x10, 0x01, 0x00, 0x42, 0x24, 
	0xc0, 0xff, 0xbd, 0x27, 0x24, 0x00, 0xb1, 0xaf, 0x00, 0x00, 0x11, 0x3c, 0xbc, 0x33, 0x31, 0x8e, 
	0x00, 0x04, 0x02, 0x3c, 0x38, 0x00, 0xb6, 0xaf, 0x2c, 0x00, 0xb3, 0xaf, 0x03, 0x00, 0x31, 0x32, 
	0x60, 0x00, 0x42, 0x24, 0x80, 0xbf, 0x13, 0x3c, 0xe0, 0xef, 0x16, 0x3c, 0x34, 0x00, 0xb5, 0xaf, 
	0x30, 0x00, 0xb4, 0xaf, 0x20, 0x00, 0xb0, 0xaf, 0x3c, 0x00, 0xbf, 0xaf, 0x28, 0x00, 0xb2, 0xaf, 
	0x25, 0xa8, 0x80, 0x00, 0x02, 0x82, 0x05, 0x00, 0x25, 0x88, 0x22, 0x02, 0x25, 0xa0, 0x00, 0x00, 
	0x68, 0x82, 0x73, 0x36, 0x80, 0x20, 0xd6, 0x26, 0x37, 0x00, 0x00, 0x12, 0x25, 0x10, 0x00, 0x00, 
	0xac, 0x03, 0x02, 0x24, 0x00, 0x00, 0x62, 0xae, 0x11, 0x00, 0x02, 0x2e, 0x02, 0x00, 0x40, 0x14, 
	0x25, 0x90, 0x00, 0x02, 0x10, 0x00, 0x12, 0x24, 0x25, 0x10, 0x00, 0x00, 0x21, 0x18, 0x56, 0x00, 
	0x80, 0x18, 0x03, 0x00, 0x01, 0x00, 0x42, 0x24, 0x00, 0x00, 0x71, 0xac, 0xfb, 0xff, 0x52, 0x14, 
	0x00, 0x2a, 0x14, 0x00, 0x25, 0x38, 0x40, 0x02, 0x40, 0x00, 0x06, 0x24, 0x21, 0x28, 0xa5, 0x02, 
	0x0c, 0x00, 0x04, 0x24, 0xbb, 0x08, 0x11, 0x04, 0x10, 0x00, 0xa0, 0xaf, 0xbb, 0x08, 0x11, 0x04, 
	0x0c, 0x00, 0x04, 0x24, 0xa1, 0x03, 0x02, 0x24, 0x00, 0x00, 0x62, 0xae, 0x00, 0x00, 0x02, 0x3c, 
	0xa0, 0x32, 0x42, 0x90, 0x00, 0x00, 0x00, 0x00, 0x08, 0x00, 0x40, 0x10, 0x00, 0x00, 0x00, 0x00, 
	0x00, 0x00, 0x06, 0x3c, 0xa4, 0x32, 0xc6, 0x24, 0x00, 0x00, 0x05, 0x3c, 0x38, 0x07, 0xa5, 0x24, 
	0x00, 0x00, 0x04, 0x3c, 0xf7, 0x08, 0x11, 0x04, 0x90, 0x33, 0x84, 0x24, 0x00, 0x00, 0x04, 0x3c, 
	0xa4, 0x32, 0x84, 0x8c, 0x18, 0x00, 0xa7, 0x27, 0x01, 0x00, 0x06, 0x24, 0x04, 0x09, 0x11, 0x04, 
	0x00, 0x06, 0x05, 0x24, 0x18, 0x00, 0xa2, 0x8f, 0x00, 0x00, 0x00, 0x00, 0x00, 0x04, 0x42, 0x30, 
	0x13, 0x00, 0x40, 0x10, 0x80, 0xbf, 0x02, 0x3c, 0x68, 0x82, 0x42, 0x34, 0xac, 0x03, 0x03, 0x24, 
	0x00, 0x00, 0x04, 0x3c, 0xa4, 0x32, 0x84, 0x8c, 0x00, 0x00, 0x43, 0xac, 0xf6, 0x08, 0x11, 0x04, 
	0xff, 0xf9, 0x05, 0x24, 0xff, 0xff, 0x02, 0x24, 0x3c, 0x00, 0xbf, 0x8f, 0x38, 0x00, 0xb6, 0x8f, 
	0x34, 0x00, 0xb5, 0x8f, 0x30, 0x00, 0xb4, 0x8f, 0x2c, 0x00, 0xb3, 0x8f, 0x28, 0x00, 0xb2, 0x8f, 
	0x24, 0x00, 0xb1, 0x8f, 0x20, 0x00, 0xb0, 0x8f, 0x08, 0x00, 0xe0, 0x03, 0x40, 0x00, 0xbd, 0x27, 
	0x00, 0x00, 0x02, 0x3c, 0xa0, 0x32, 0x42, 0x90, 0x00, 0x00, 0x00, 0x00, 0x06, 0x00, 0x40, 0x10, 
	0x00, 0x00, 0x00, 0x00, 0x00, 0x00, 0x05, 0x3c, 0xa4, 0x32, 0xa5, 0x24, 0x00, 0x00, 0x04, 0x3c, 
	0xd2, 0x08, 0x11, 0x04, 0x38, 0x07, 0x84, 0x24, 0x00, 0x00, 0x04, 0x3c, 0xa4, 0x32, 0x84, 0x8c, 
	0xdd, 0x08, 0x11, 0x04, 0xff, 0xf9, 0x05, 0x24, 0x23, 0x80, 0x12, 0x02, 0xae, 0xff, 0x00, 0x10, 
	0x21, 0xa0, 0x92, 0x02, 0x00, 0x00, 0x02, 0x3c, 0xbc, 0x33, 0x42, 0x8c, 0x00, 0x04, 0x03, 0x3c, 
	0xa8, 0xff, 0xbd, 0x27, 0x03, 0x00, 0x42, 0x30, 0x60, 0x00, 0x63, 0x24, 0x25, 0x18, 0x43, 0x00, 
	0x3c, 0x00, 0xb3, 0xaf, 0xff, 0x00, 0xb3, 0x30, 0x20, 0x00, 0xa3, 0xaf, 0x80, 0x1c, 0x13, 0x00, 
	0x25, 0x10, 0x62, 0x00, 0x40, 0x00, 0x42, 0x34, 0x24, 0x00, 0xa2, 0xaf, 0xe0, 0xef, 0x02, 0x3c, 
	0x4c, 0x00, 0xb7, 0xaf, 0x80, 0x20, 0x42, 0x24, 0x80, 0xbf, 0x17, 0x3c, 0x50, 0x00, 0xbe, 0xaf, 
	0x48, 0x00, 0xb6, 0xaf, 0x44, 0x00, 0xb5, 0xaf, 0x40, 0x00, 0xb4, 0xaf, 0x30, 0x00, 0xb0, 0xaf, 
	0x25, 0xa0, 0xa0, 0x00, 0x02, 0x82, 0x05, 0x00, 0x54, 0x00, 0xbf, 0xaf, 0x38, 0x00, 0xb2, 0xaf, 
	0x34, 0x00, 0xb1, 0xaf, 0x25, 0xa8, 0x80, 0x00, 0x25, 0xb0, 0x00, 0x00, 0x25, 0x28, 0x00, 0x00, 
	0x68, 0x82, 0xfe, 0x36, 0x28, 0x00, 0xa2, 0xaf, 0x2b, 0x10, 0xb4, 0x00, 0x0d, 0x00, 0x40, 0x14, 
	0x00, 0x00, 0x00, 0x00, 0x09, 0x00, 0x60, 0x12, 0x00, 0x00, 0x00, 0x00, 0x80, 0xbf, 0x04, 0x3c, 
	0x64, 0x82, 0x84, 0x34, 0x21, 0x18, 0x56, 0x00, 0x00, 0x00, 0x85, 0x90, 0x21, 0x18, 0xa3, 0x02, 
	0x01, 0x00, 0x42, 0x24, 0xfb, 0xff, 0x53, 0x14, 0x00, 0x00, 0x65, 0xa0, 0x40, 0x00, 0x00, 0x10, 
	0x25, 0x10, 0x00, 0x00, 0xac, 0x03, 0x02, 0x24, 0x00, 0x00, 0xc2, 0xaf, 0x11, 0x00, 0x02, 0x2e, 
	0x02, 0x00, 0x40, 0x14, 0x25, 0x90, 0x00, 0x02, 0x10, 0x00, 0x12, 0x24, 0x25, 0x10, 0x00, 0x00, 
	0x43, 0x00, 0x52, 0x14, 0x00, 0x8a, 0x12, 0x00, 0x10, 0x00, 0x02, 0x2e, 0x0b, 0x00, 0x40, 0x10, 
	0x21, 0x88, 0x25, 0x02, 0x07, 0x00, 0x60, 0x12, 0x00, 0x82, 0xe3, 0x36, 0x80, 0x10, 0x12, 0x00, 
	0x21, 0x10, 0x43, 0x00, 0x24, 0x00, 0xa3, 0x8f, 0x25, 0xb0, 0x20, 0x02, 0x00, 0x00, 0x43, 0xac, 
	0x21, 0x88, 0x71, 0x02, 0x0a, 0x00, 0x00, 0x12, 0xa1, 0x03, 0x02, 0x24, 0x0c, 0x00, 0x04, 0x24, 
	0x10, 0x00, 0xa0, 0xaf, 0x25, 0x38, 0x40, 0x02, 0x40, 0x00, 0x06, 0x24, 0x31, 0x08, 0x11, 0x04, 
	0x21, 0x28, 0xa5, 0x02, 0x31, 0x08, 0x11, 0x04, 0x0c, 0x00, 0x04, 0x24, 0xa1, 0x03, 0x02, 0x24, 
	0x00, 0x00, 0xc2, 0xaf, 0x00, 0x00, 0x02, 0x3c, 0xa0, 0x32, 0x42, 0x90, 0x00, 0x00, 0x00, 0x00, 
	0x08, 0x00, 0x40, 0x10, 0x00, 0x00, 0x00, 0x00, 0x00, 0x00, 0x06, 0x3c, 0xa4, 0x32, 0xc6, 0x24, 
	0x00, 0x00, 0x05, 0x3c, 0x38, 0x07, 0xa5, 0x24, 0x00, 0x00, 0x04, 0x3c, 0x6d, 0x08, 0x11, 0x04, 
	0x90, 0x33, 0x84, 0x24, 0x00, 0x00, 0x04, 0x3c, 0xa4, 0x32, 0x84, 0x8c, 0x18, 0x00, 0xa7, 0x27, 
	0x01, 0x00, 0x06, 0x24, 0x7a, 0x08, 0x11, 0x04, 0x00, 0x06, 0x05, 0x24, 0x18, 0x00, 0xa2, 0x8f, 
	0x00, 0x00, 0x00, 0x00, 0x00, 0x04, 0x42, 0x30, 0x1c, 0x00, 0x40, 0x10, 0x80, 0xbf, 0x02, 0x3c, 
	0x68, 0x82, 0x42, 0x34, 0xac, 0x03, 0x03, 0x24, 0x00, 0x00, 0x04, 0x3c, 0xa4, 0x32, 0x84, 0x8c, 
	0x00, 0x00, 0x43, 0xac, 0x6c, 0x08, 0x11, 0x04, 0xff, 0xf9, 0x05, 0x24, 0xff, 0xff, 0x02, 0x24, 
	0x54, 0x00, 0xbf, 0x8f, 0x50, 0x00, 0xbe, 0x8f, 0x4c, 0x00, 0xb7, 0x8f, 0x48, 0x00, 0xb6, 0x8f, 
	0x44, 0x00, 0xb5, 0x8f, 0x40, 0x00, 0xb4, 0x8f, 0x3c, 0x00, 0xb3, 0x8f, 0x38, 0x00, 0xb2, 0x8f, 
	0x34, 0x00, 0xb1, 0x8f, 0x30, 0x00, 0xb0, 0x8f, 0x08, 0x00, 0xe0, 0x03, 0x58, 0x00, 0xbd, 0x27, 
	0x28, 0x00, 0xa3, 0x8f, 0x20, 0x00, 0xa4, 0x8f, 0x21, 0x18, 0x43, 0x00, 0x80, 0x18, 0x03, 0x00, 
	0x00, 0x00, 0x64, 0xac, 0xb6, 0xff, 0x00, 0x10, 0x01, 0x00, 0x42, 0x24, 0x00, 0x00, 0x02, 0x3c, 
	0xa0, 0x32, 0x42, 0x90, 0x00, 0x00, 0x00, 0x00, 0x06, 0x00, 0x40, 0x10, 0x00, 0x00, 0x00, 0x00, 
	0x00, 0x00, 0x05, 0x3c, 0xa4, 0x32, 0xa5, 0x24, 0x00, 0x00, 0x04, 0x3c, 0x3f, 0x08, 0x11, 0x04, 
	0x38, 0x07, 0x84, 0x24, 0x00, 0x00, 0x04, 0x3c, 0xa4, 0x32, 0x84, 0x8c, 0x4a, 0x08, 0x11, 0x04, 
	0xff, 0xf9, 0x05, 0x24, 0x23, 0x80, 0x12, 0x02, 0x8f, 0xff, 0x00, 0x10, 0x25, 0x28, 0x20, 0x02, 
	0xb0, 0xff, 0xbd, 0x27, 0x00, 0x00, 0x02, 0x3c, 0xbc, 0x33, 0x42, 0x8c, 0x38, 0x00, 0xb4, 0xaf, 
	0xff, 0x00, 0xb4, 0x30, 0x03, 0x00, 0x42, 0x30, 0x3c, 0x00, 0xb5, 0xaf, 0x34, 0x00, 0xb3, 0xaf, 
	0x00, 0xaa, 0x14, 0x00, 0x01, 0x00, 0x13, 0x3c, 0x50, 0x00, 0x73, 0x26, 0x25, 0xa8, 0xa2, 0x02, 
	0x48, 0x00, 0xbe, 0xaf, 0x2c, 0x00, 0xb1, 0xaf, 0x25, 0x98, 0x53, 0x00, 0x80, 0xbf, 0x11, 0x3c, 
	0x40, 0x00, 0xa2, 0x36, 0xe0, 0xef, 0x1e, 0x3c, 0x44, 0x00, 0xb7, 0xaf, 0x40, 0x00, 0xb6, 0xaf, 
	0x30, 0x00, 0xb2, 0xaf, 0x28, 0x00, 0xb0, 0xaf, 0x4c, 0x00, 0xbf, 0xaf, 0x25, 0xb0, 0x80, 0x00, 
	0x25, 0xb8, 0xa0, 0x00, 0x02, 0x82, 0x05, 0x00, 0x20, 0x00, 0xa2, 0xaf, 0x25, 0x90, 0x00, 0x00, 
	0x68, 0x82, 0x31, 0x36, 0x80, 0x20, 0xde, 0x27, 0x00, 0x00, 0x02, 0x3c, 0x90, 0x33, 0x42, 0x24, 
	0x10, 0x00, 0xa2, 0xaf, 0x1c, 0x00, 0xa7, 0x27, 0x25, 0x30, 0x00, 0x00, 0x02, 0x00, 0x05, 0x24, 
	0x8a, 0xfe, 0x11, 0x04, 0x25, 0x20, 0x00, 0x00, 0xff, 0xff, 0x03, 0x24, 0x2f, 0x00, 0x43, 0x10, 
	0x2b, 0x10, 0x57, 0x02, 0x2e, 0x00, 0x40, 0x10, 0x25, 0x10, 0x00, 0x00, 0x10, 0x00, 0x02, 0x2e, 
	0x44, 0x00, 0x40, 0x14, 0xac, 0x03, 0x02, 0x24, 0x00, 0x00, 0x22, 0xae, 0x98, 0xff, 0x35, 0x26, 
	0xd8, 0xff, 0x22, 0x26, 0x00, 0x00, 0xb3, 0xae, 0x04, 0x00, 0xb5, 0x26, 0xfd, 0xff, 0xa2, 0x16, 
	0x10, 0x00, 0x07, 0x24, 0x01, 0x00, 0x02, 0x24, 0x40, 0x00, 0x06, 0x24, 0x21, 0x28, 0xd2, 0x02, 
	0x0b, 0x00, 0x04, 0x24, 0xaf, 0x07, 0x11, 0x04, 0x10, 0x00, 0xa2, 0xaf, 0xaf, 0x07, 0x11, 0x04, 
	0x0b, 0x00, 0x04, 0x24, 0xa1, 0x03, 0x02, 0x24, 0x00, 0x00, 0x06, 0x3c, 0xa4, 0x32, 0xc6, 0x24, 
	0x00, 0x00, 0x05, 0x3c, 0x38, 0x07, 0xa5, 0x24, 0x00, 0x00, 0x04, 0x3c, 0x90, 0x33, 0x84, 0x24, 
	0x28, 0x00, 0xa2, 0xae, 0xef, 0x07, 0x11, 0x04, 0x00, 0x00, 0x00, 0x00, 0x00, 0x00, 0x04, 0x3c, 
	0xa4, 0x32, 0x84, 0x8c, 0x18, 0x00, 0xa7, 0x27, 0x01, 0x00, 0x06, 0x24, 0xfc, 0x07, 0x11, 0x04, 
	0x00, 0x06, 0x05, 0x24, 0x18, 0x00, 0xa2, 0x8f, 0x00, 0x00, 0x00, 0x00, 0x00, 0x04, 0x42, 0x30, 
	0x13, 0x00, 0x40, 0x10, 0xac, 0x03, 0x02, 0x24, 0x28, 0x00, 0xa2, 0xae, 0x00, 0x00, 0x04, 0x3c, 
	0xa4, 0x32, 0x84, 0x8c, 0xf0, 0x07, 0x11, 0x04, 0xff, 0xf9, 0x05, 0x24, 0xff, 0xff, 0x02, 0x24, 
	0x4c, 0x00, 0xbf, 0x8f, 0x48, 0x00, 0xbe, 0x8f, 0x44, 0x00, 0xb7, 0x8f, 0x40, 0x00, 0xb6, 0x8f, 
	0x3c, 0x00, 0xb5, 0x8f, 0x38, 0x00, 0xb4, 0x8f, 0x34, 0x00, 0xb3, 0x8f, 0x30, 0x00, 0xb2, 0x8f, 
	0x2c, 0x00, 0xb1, 0x8f, 0x28, 0x00, 0xb0, 0x8f, 0x08, 0x00, 0xe0, 0x03, 0x50, 0x00, 0xbd, 0x27, 
	0x00, 0x00, 0x05, 0x3c, 0xa4, 0x32, 0xa5, 0x24, 0x00, 0x00, 0x04, 0x3c, 0x38, 0x07, 0x84, 0x24, 
	0xce, 0x07, 0x11, 0x04, 0x00, 0x10, 0x52, 0x26, 0x00, 0x00, 0x04, 0x3c, 0xa4, 0x32, 0x84, 0x8c, 
	0xff, 0xf9, 0x05, 0x24, 0xd8, 0x07, 0x11, 0x04, 0xf0, 0xff, 0x10, 0x26, 0xae, 0xff, 0x00, 0x10, 
	0x00, 0x00, 0x00, 0x00, 0x35, 0x00, 0x00, 0x12, 0x00, 0x00, 0x00, 0x00, 0x00, 0x00, 0x22, 0xae, 
	0x25, 0x10, 0x00, 0x00, 0x21, 0x18, 0x5e, 0x00, 0x80, 0x18, 0x03, 0x00, 0x01, 0x00, 0x42, 0x24, 
	0x00, 0x00, 0x73, 0xac, 0x2b, 0x18, 0x50, 0x00, 0xfa, 0xff, 0x60, 0x14, 0x25, 0x38, 0x00, 0x02, 
	0x01, 0x00, 0x02, 0x24, 0x40, 0x00, 0x06, 0x24, 0x21, 0x28, 0xd2, 0x02, 0x0b, 0x00, 0x04, 0x24, 
	0x68, 0x07, 0x11, 0x04, 0x10, 0x00, 0xa2, 0xaf, 0x68, 0x07, 0x11, 0x04, 0x0b, 0x00, 0x04, 0x24, 
	0xa1, 0x03, 0x02, 0x24, 0x00, 0x00, 0x06, 0x3c, 0xa4, 0x32, 0xc6, 0x24, 0x00, 0x00, 0x05, 0x3c, 
	0x38, 0x07, 0xa5, 0x24, 0x00, 0x00, 0x04, 0x3c, 0x90, 0x33, 0x84, 0x24, 0x00, 0x00, 0x22, 0xae, 
	0xa8, 0x07, 0x11, 0x04, 0x00, 0x00, 0x00, 0x00, 0x00, 0x00, 0x04, 0x3c, 0xa4, 0x32, 0x84, 0x8c, 
	0x18, 0x00, 0xa7, 0x27, 0x01, 0x00, 0x06, 0x24, 0xb5, 0x07, 0x11, 0x04, 0x00, 0x06, 0x05, 0x24, 
	0x18, 0x00, 0xa2, 0x8f, 0x00, 0x00, 0x00, 0x00, 0x00, 0x04, 0x42, 0x30, 0x04, 0x00, 0x40, 0x10, 
	0xac, 0x03, 0x02, 0x24, 0x00, 0x00, 0x22, 0xae, 0xb8, 0xff, 0x00, 0x10, 0x00, 0x00, 0x00, 0x00, 
	0x00, 0x00, 0x05, 0x3c, 0xa4, 0x32, 0xa5, 0x24, 0x00, 0x00, 0x04, 0x3c, 0x38, 0x07, 0x84, 0x24, 
	0x96, 0x07, 0x11, 0x04, 0x00, 0x82, 0x10, 0x00, 0x00, 0x00, 0x04, 0x3c, 0xa4, 0x32, 0x84, 0x8c, 
	0xff, 0xf9, 0x05, 0x24, 0xa0, 0x07, 0x11, 0x04, 0x21, 0x90, 0x50, 0x02, 0x76, 0xff, 0x80, 0x12, 
	0x25, 0x80, 0x00, 0x00, 0xac, 0x03, 0x02, 0x24, 0x00, 0x00, 0x22, 0xae, 0x20, 0x00, 0xa2, 0x8f, 
	0xf8, 0xff, 0x23, 0x26, 0x98, 0xff, 0x22, 0xae, 0x25, 0x10, 0x00, 0x00, 0x21, 0x20, 0x52, 0x00, 
	0x21, 0x20, 0xc4, 0x02, 0x00, 0x00, 0x84, 0x90, 0x01, 0x00, 0x42, 0x24, 0x00, 0x00, 0x64, 0xa0, 
	0xfa, 0xff, 0x54, 0x14, 0x00, 0x00, 0x00, 0x00, 0xa1, 0x03, 0x02, 0x24, 0x08, 0x00, 0x62, 0xac, 
	0x00, 0x00, 0x06, 0x3c, 0xa4, 0x32, 0xc6, 0x24, 0x00, 0x00, 0x05, 0x3c, 0x38, 0x07, 0xa5, 0x24, 
	0x00, 0x00, 0x04, 0x3c, 0x77, 0x07, 0x11, 0x04, 0x90, 0x33, 0x84, 0x24, 0x00, 0x00, 0x04, 0x3c, 
	0xa4, 0x32, 0x84, 0x8c, 0x18, 0x00, 0xa7, 0x27, 0x01, 0x00, 0x06, 0x24, 0x84, 0x07, 0x11, 0x04, 
	0x00, 0x06, 0x05, 0x24, 0x18, 0x00, 0xb0, 0x8f, 0x80, 0xbf, 0x02, 0x3c, 0x00, 0x04, 0x10, 0x32, 
	0x05, 0x00, 0x00, 0x12, 0x60, 0x82, 0x43, 0x34, 0xac, 0x03, 0x02, 0x24, 0x08, 0x00, 0x62, 0xac, 
	0x86, 0xff, 0x00, 0x10, 0x00, 0x00, 0x00, 0x00, 0x00, 0x00, 0x05, 0x3c, 0xa4, 0x32, 0xa5, 0x24, 
	0x00, 0x00, 0x04, 0x3c, 0x38, 0x07, 0x84, 0x24, 0x64, 0x07, 0x11, 0x04, 0x21, 0x90, 0x54, 0x02, 
	0x00, 0x00, 0x04, 0x3c, 0xa4, 0x32, 0x84, 0x8c, 0x6f, 0x07, 0x11, 0x04, 0xff, 0xf9, 0x05, 0x24, 
	0x45, 0xff, 0x00, 0x10, 0x25, 0xa0, 0x00, 0x00, 0x00, 0x00, 0x00, 0x00, 0x00, 0x00, 0x00, 0x00, 
	0xff, 0x00, 0x02, 0x3c, 0xc8, 0xff, 0xbd, 0x27, 0x8b, 0x01, 0x42, 0x24, 0x34, 0x00, 0xbf, 0xaf, 
	0x20, 0x00, 0xa2, 0xaf, 0x24, 0x00, 0xa0, 0xa7, 0x8e, 0xfd, 0x11, 0x04, 0x26, 0x00, 0xa0, 0xa3, 
	0x00, 0x00, 0x02, 0x3c, 0xa0, 0x33, 0x42, 0x24, 0x18, 0x00, 0xa7, 0x27, 0x20, 0x00, 0xa6, 0x27, 
	0x07, 0x00, 0x05, 0x24, 0x07, 0x00, 0x04, 0x24, 0xc4, 0xfd, 0x11, 0x04, 0x10, 0x00, 0xa2, 0xaf, 
	0xa3, 0xfd, 0x11, 0x04, 0x28, 0x00, 0xa2, 0xaf, 0x28, 0x00, 0xa2, 0x8f, 0xff, 0xff, 0x03, 0x24, 
	0x0d, 0x00, 0x43, 0x10, 0xaa, 0x00, 0x03, 0x24, 0x19, 0x00, 0xa4, 0x93, 0x00, 0x00, 0x00, 0x00, 
	0x09, 0x00, 0x83, 0x14, 0xff, 0xff, 0x02, 0x24, 0x1b, 0x00, 0xa2, 0x93, 0x1c, 0x00, 0xa3, 0x93, 
	0x00, 0x14, 0x02, 0x00, 0x00, 0x1a, 0x03, 0x00, 0x25, 0x10, 0x43, 0x00, 0x1d, 0x00, 0xa3, 0x93, 
	0x00, 0x00, 0x00, 0x00, 0x25, 0x10, 0x43, 0x00, 0x34, 0x00, 0xbf, 0x8f, 0x00, 0x00, 0x00, 0x00, 
	0x08, 0x00, 0xe0, 0x03, 0x38, 0x00, 0xbd, 0x27, 0xc8, 0xff, 0xbd, 0x27, 0x8b, 0x02, 0x02, 0x24, 
	0x20, 0x00, 0xa2, 0xa7, 0xff, 0xff, 0x02, 0x24, 0x34, 0x00, 0xbf, 0xaf, 0x69, 0xfd, 0x11, 0x04, 
	0x22, 0x00, 0xa2, 0xa3, 0x00, 0x00, 0x02, 0x3c, 0x98, 0x33, 0x42, 0x24, 0x18, 0x00, 0xa7, 0x27, 
	0x20, 0x00, 0xa6, 0x27, 0x06, 0x00, 0x05, 0x24, 0x03, 0x00, 0x04, 0x24, 0x9f, 0xfd, 0x11, 0x04, 
	0x10, 0x00, 0xa2, 0xaf, 0x7e, 0xfd, 0x11, 0x04, 0x28, 0x00, 0xa2, 0xaf, 0x28, 0x00, 0xa2, 0x8f, 
	0xff, 0xff, 0x03, 0x24, 0x0d, 0x00, 0x43, 0x10, 0xaa, 0x00, 0x03, 0x24, 0x19, 0x00, 0xa4, 0x93, 
	0x00, 0x00, 0x00, 0x00, 0x09, 0x00, 0x83, 0x14, 0xff, 0xff, 0x02, 0x24, 0x1c, 0x00, 0xa2, 0x93, 
	0x1b, 0x00, 0xa3, 0x93, 0x00, 0x12, 0x02, 0x00, 0x25, 0x18, 0x43, 0x00, 0x00, 0x1a, 0x03, 0x00, 
	0x02, 0x12, 0x02, 0x00, 0x21, 0x10, 0x43, 0x00, 0xff, 0xff, 0x42, 0x30, 0x34, 0x00, 0xbf, 0x8f, 
	0x00, 0x00, 0x00, 0x00, 0x08, 0x00, 0xe0, 0x03, 0x38, 0x00, 0xbd, 0x27, 0xc8, 0xff, 0xbd, 0x27, 
	0x8b, 0x03, 0x02, 0x24, 0x20, 0x00, 0xa2, 0xa7, 0xff, 0xff, 0x02, 0x24, 0x34, 0x00, 0xbf, 0xaf, 
	0x44, 0xfd, 0x11, 0x04, 0x22, 0x00, 0xa2, 0xa3, 0x00, 0x00, 0x02, 0x3c, 0x98, 0x33, 0x42, 0x24, 
	0x18, 0x00, 0xa7, 0x27, 0x20, 0x00, 0xa6, 0x27, 0x06, 0x00, 0x05, 0x24, 0x03, 0x00, 0x04, 0x24, 
	0x7a, 0xfd, 0x11, 0x04, 0x10, 0x00, 0xa2, 0xaf, 0x59, 0xfd, 0x11, 0x04, 0x28, 0x00, 0xa2, 0xaf, 
	0x28, 0x00, 0xa2, 0x8f, 0xff, 0xff, 0x03, 0x24, 0x0d, 0x00, 0x43, 0x10, 0xaa, 0x00, 0x03, 0x24, 
	0x19, 0x00, 0xa4, 0x93, 0x00, 0x00, 0x00, 0x00, 0x09, 0x00, 0x83, 0x14, 0xff, 0xff, 0x02, 0x24, 
	0x1c, 0x00, 0xa2, 0x93, 0x1b, 0x00, 0xa3, 0x93, 0x00, 0x12, 0x02, 0x00, 0x25, 0x18, 0x43, 0x00, 
	0x00, 0x1a, 0x03, 0x00, 0x02, 0x12, 0x02, 0x00, 0x21, 0x10, 0x43, 0x00, 0xff, 0xff, 0x42, 0x30, 
	0x34, 0x00, 0xbf, 0x8f, 0x00, 0x00, 0x00, 0x00, 0x08, 0x00, 0xe0, 0x03, 0x38, 0x00, 0xbd, 0x27, 
	0xc8, 0xff, 0xbd, 0x27, 0x8b, 0x04, 0x02, 0x24, 0x18, 0x00, 0xa2, 0xa7, 0xff, 0xff, 0x02, 0x24, 
	0x1a, 0x00, 0xa2, 0xa3, 0x02, 0x12, 0x06, 0x00, 0x34, 0x00, 0xbf, 0xaf, 0x1b, 0x00, 0xa4, 0xa3, 
	0x1c, 0x00, 0xa5, 0xa3, 0x1d, 0x00, 0xa2, 0xa3, 0x1a, 0xfd, 0x11, 0x04, 0x1e, 0x00, 0xa6, 0xa3, 
	0x00, 0x00, 0x02, 0x3c, 0x98, 0x33, 0x42, 0x24, 0x20, 0x00, 0xa7, 0x27, 0x18, 0x00, 0xa6, 0x27, 
	0x02, 0x00, 0x05, 0x24, 0x08, 0x00, 0x04, 0x24, 0x50, 0xfd, 0x11, 0x04, 0x10, 0x00, 0xa2, 0xaf, 
	0x2f, 0xfd, 0x11, 0x04, 0x28, 0x00, 0xa2, 0xaf, 0x28, 0x00, 0xa2, 0x8f, 0xff, 0xff, 0x03, 0x24, 
	0x06, 0x00, 0x43, 0x10, 0x00, 0x00, 0x00, 0x00, 0x21, 0x00, 0xa2, 0x93, 0x00, 0x00, 0x00, 0x00, 
	0xaa, 0x00, 0x42, 0x38, 0x2b, 0x10, 0x02, 0x00, 0x23, 0x10, 0x02, 0x00, 0x34, 0x00, 0xbf, 0x8f, 
	0x00, 0x00, 0x00, 0x00, 0x08, 0x00, 0xe0, 0x03, 0x38, 0x00, 0xbd, 0x27, 0xc8, 0xff, 0xbd, 0x27, 
	0x8b, 0x05, 0x02, 0x24, 0x20, 0x00, 0xa2, 0xa7, 0xff, 0xff, 0x02, 0x24, 0x34, 0x00, 0xbf, 0xaf, 
	0xfc, 0xfc, 0x11, 0x04, 0x22, 0x00, 0xa2, 0xa3, 0x00, 0x00, 0x02, 0x3c, 0x98, 0x33, 0x42, 0x24, 
	0x18, 0x00, 0xa7, 0x27, 0x20, 0x00, 0xa6, 0x27, 0x06, 0x00, 0x05, 0x24, 0x03, 0x00, 0x04, 0x24, 
	0x32, 0xfd, 0x11, 0x04, 0x10, 0x00, 0xa2, 0xaf, 0x11, 0xfd, 0x11, 0x04, 0x28, 0x00, 0xa2, 0xaf, 
	0x28, 0x00, 0xa2, 0x8f, 0xff, 0xff, 0x03, 0x24, 0x0d, 0x00, 0x43, 0x10, 0xaa, 0x00, 0x03, 0x24, 
	0x19, 0x00, 0xa4, 0x93, 0x00, 0x00, 0x00, 0x00, 0x09, 0x00, 0x83, 0x14, 0xff, 0xff, 0x02, 0x24, 
	0x1c, 0x00, 0xa2, 0x93, 0x1b, 0x00, 0xa3, 0x93, 0x00, 0x12, 0x02, 0x00, 0x25, 0x18, 0x43, 0x00, 
	0x00, 0x1a, 0x03, 0x00, 0x02, 0x12, 0x02, 0x00, 0x21, 0x10, 0x43, 0x00, 0xff, 0xff, 0x42, 0x30, 
	0x34, 0x00, 0xbf, 0x8f, 0x00, 0x00, 0x00, 0x00, 0x08, 0x00, 0xe0, 0x03, 0x38, 0x00, 0xbd, 0x27, 
	0xc8, 0xff, 0xbd, 0x27, 0x8b, 0x06, 0x02, 0x24, 0x18, 0x00, 0xa2, 0xa7, 0xff, 0xff, 0x02, 0x24, 
	0x1a, 0x00, 0xa2, 0xa3, 0x02, 0x12, 0x05, 0x00, 0x00, 0x2a, 0x05, 0x00, 0x21, 0x10, 0x45, 0x00, 
	0x34, 0x00, 0xbf, 0xaf, 0x1b, 0x00, 0xa4, 0xa3, 0xd2, 0xfc, 0x11, 0x04, 0x1c, 0x00, 0xa2, 0xa7, 
	0x00, 0x00, 0x02, 0x3c, 0x98, 0x33, 0x42, 0x24, 0x20, 0x00, 0xa7, 0x27, 0x18, 0x00, 0xa6, 0x27, 
	0x02, 0x00, 0x05, 0x24, 0x07, 0x00, 0x04, 0x24, 0x08, 0xfd, 0x11, 0x04, 0x10, 0x00, 0xa2, 0xaf, 
	0xe7, 0xfc, 0x11, 0x04, 0x28, 0x00, 0xa2, 0xaf, 0x28, 0x00, 0xa2, 0x8f, 0xff, 0xff, 0x03, 0x24, 
	0x06, 0x00, 0x43, 0x10, 0x00, 0x00, 0x00, 0x00, 0x21, 0x00, 0xa2, 0x93, 0x00, 0x00, 0x00, 0x00, 
	0xaa, 0x00, 0x42, 0x38, 0x2b, 0x10, 0x02, 0x00, 0x23, 0x10, 0x02, 0x00, 0x34, 0x00, 0xbf, 0x8f, 
	0x00, 0x00, 0x00, 0x00, 0x08, 0x00, 0xe0, 0x03, 0x38, 0x00, 0xbd, 0x27, 0xd0, 0xfe, 0xbd, 0x27, 
	0x8b, 0x07, 0x02, 0x24, 0x18, 0x01, 0xa2, 0xa7, 0xff, 0xff, 0x02, 0x24, 0x2c, 0x01, 0xbf, 0xaf, 
	0x30, 0x01, 0xa4, 0xaf, 0xb3, 0xfc, 0x11, 0x04, 0x1a, 0x01, 0xa2, 0xa3, 0x00, 0x00, 0x02, 0x3c, 
	0x98, 0x33, 0x42, 0x24, 0x18, 0x00, 0xa7, 0x27, 0x18, 0x01, 0xa6, 0x27, 0xff, 0x00, 0x05, 0x24, 
	0x03, 0x00, 0x04, 0x24, 0xe9, 0xfc, 0x11, 0x04, 0x10, 0x00, 0xa2, 0xaf, 0xc8, 0xfc, 0x11, 0x04, 
	0x20, 0x01, 0xa2, 0xaf, 0x20, 0x01, 0xa2, 0x8f, 0xff, 0xff, 0x03, 0x24, 0x09, 0x00, 0x43, 0x10, 
	0xaa, 0x00, 0x03, 0x24, 0x19, 0x00, 0xa4, 0x93, 0x00, 0x00, 0x00, 0x00, 0x05, 0x00, 0x83, 0x14, 
	0xff, 0xff, 0x02, 0x24, 0x30, 0x01, 0xa4, 0x8f, 0x57, 0x06, 0x11, 0x04, 0x1c, 0x00, 0xa5, 0x27, 
	0x25, 0x10, 0x00, 0x00, 0x2c, 0x01, 0xbf, 0x8f, 0x00, 0x00, 0x00, 0x00, 0x08, 0x00, 0xe0, 0x03, 
	0x30, 0x01, 0xbd, 0x27, 0xd8, 0xfe, 0xbd, 0x27, 0x24, 0x01, 0xbf, 0xaf, 0x20, 0x01, 0xb0, 0xaf, 
	0x4b, 0x06, 0x11, 0x04, 0x28, 0x01, 0xa4, 0xaf, 0x25, 0x80, 0x40, 0x00, 0x8b, 0x08, 0x02, 0x24, 
	0x28, 0x01, 0xa5, 0x8f, 0x18, 0x00, 0xa2, 0xa7, 0xff, 0xff, 0x02, 0x24, 0x1c, 0x00, 0xa4, 0x27, 
	0x1a, 0x00, 0xa2, 0xa3, 0x01, 0x00, 0x02, 0x26, 0x43, 0x06, 0x11, 0x04, 0x1b, 0x00, 0xa2, 0xa3, 
	0x88, 0xfc, 0x11, 0x04, 0x00, 0x00, 0x00, 0x00, 0x06, 0x00, 0x04, 0x26, 0x00, 0x00, 0x02, 0x3c, 
	0x98, 0x33, 0x42, 0x24, 0x18, 0x01, 0xa7, 0x27, 0x18, 0x00, 0xa6, 0x27, 0x02, 0x00, 0x05, 0x24, 
	0xff, 0x00, 0x84, 0x30, 0xbd, 0xfc, 0x11, 0x04, 0x10, 0x00, 0xa2, 0xaf, 0x9c, 0xfc, 0x11, 0x04, 
	0x25, 0x80, 0x40, 0x00, 0xff, 0xff, 0x03, 0x24, 0x06, 0x00, 0x03, 0x12, 0x00, 0x00, 0x00, 0x00, 
	0x19, 0x01, 0xa2, 0x93, 0x00, 0x00, 0x00, 0x00, 0xaa, 0x00, 0x42, 0x38, 0x2b, 0x10, 0x02, 0x00, 
	0x23, 0x80, 0x02, 0x00, 0x24, 0x01, 0xbf, 0x8f, 0x25, 0x10, 0x00, 0x02, 0x20, 0x01, 0xb0, 0x8f, 
	0x08, 0x00, 0xe0, 0x03, 0x28, 0x01, 0xbd, 0x27, 0xc8, 0xff, 0xbd, 0x27, 0x8b, 0x09, 0x02, 0x24, 
	0x20, 0x00, 0xa2, 0xa7, 0xff, 0xff, 0x02, 0x24, 0x34, 0x00, 0xbf, 0xaf, 0x69, 0xfc, 0x11, 0x04, 
	0x22, 0x00, 0xa2, 0xa3, 0x00, 0x00, 0x02, 0x3c, 0x98, 0x33, 0x42, 0x24, 0x18, 0x00, 0xa7, 0x27, 
	0x20, 0x00, 0xa6, 0x27, 0x05, 0x00, 0x05, 0x24, 0x05, 0x00, 0x04, 0x24, 0x9f, 0xfc, 0x11, 0x04, 
	0x10, 0x00, 0xa2, 0xaf, 0x7e, 0xfc, 0x11, 0x04, 0x28, 0x00, 0xa2, 0xaf, 0x28, 0x00, 0xa2, 0x8f, 
	0xff, 0xff, 0x03, 0x24, 0x06, 0x00, 0x43, 0x10, 0x00, 0x00, 0x00, 0x00, 0x19, 0x00, 0xa2, 0x93, 
	0x00, 0x00, 0x00, 0x00, 0xaa, 0x00, 0x42, 0x38, 0x2b, 0x10, 0x02, 0x00, 0x23, 0x10, 0x02, 0x00, 
	0x34, 0x00, 0xbf, 0x8f, 0x00, 0x00, 0x00, 0x00, 0x08, 0x00, 0xe0, 0x03, 0x38, 0x00, 0xbd, 0x27, 
	0xc8, 0xff, 0xbd, 0x27, 0x8b, 0x0a, 0x02, 0x24, 0x18, 0x00, 0xa2, 0xa7, 0x02, 0x12, 0x05, 0x00, 
	0x00, 0x2a, 0x05, 0x00, 0x21, 0x10, 0x45, 0x00, 0x1c, 0x00, 0xa2, 0xa7, 0x02, 0x12, 0x06, 0x00, 
	0x00, 0x32, 0x06, 0x00, 0xff, 0xff, 0x03, 0x24, 0x21, 0x10, 0x46, 0x00, 0x1a, 0x00, 0xa3, 0xa3, 
	0x20, 0x00, 0xa3, 0xa3, 0x34, 0x00, 0xbf, 0xaf, 0x1b, 0x00, 0xa4, 0xa3, 0x41, 0xfc, 0x11, 0x04, 
	0x1e, 0x00, 0xa2, 0xa7, 0x00, 0x00, 0x02, 0x3c, 0x98, 0x33, 0x42, 0x24, 0x24, 0x00, 0xa7, 0x27, 
	0x18, 0x00, 0xa6, 0x27, 0x02, 0x00, 0x05, 0x24, 0x09, 0x00, 0x04, 0x24, 0x77, 0xfc, 0x11, 0x04, 
	0x10, 0x00, 0xa2, 0xaf, 0x56, 0xfc, 0x11, 0x04, 0x28, 0x00, 0xa2, 0xaf, 0x28, 0x00, 0xa2, 0x8f, 
	0xff, 0xff, 0x03, 0x24, 0x06, 0x00, 0x43, 0x10, 0x00, 0x00, 0x00, 0x00, 0x25, 0x00, 0xa2, 0x93, 
	0x00, 0x00, 0x00, 0x00, 0xaa, 0x00, 0x42, 0x38, 0x2b, 0x10, 0x02, 0x00, 0x23, 0x10, 0x02, 0x00, 
	0x34, 0x00, 0xbf, 0x8f, 0x00, 0x00, 0x00, 0x00, 0x08, 0x00, 0xe0, 0x03, 0x38, 0x00, 0xbd, 0x27, 
	0x08, 0x00, 0xe0, 0x03, 0x7a, 0xff, 0x02, 0x24, 0x08, 0x00, 0xe0, 0x03, 0x25, 0x10, 0x00, 0x00, 
	0x08, 0x00, 0xe0, 0x03, 0x25, 0x10, 0x00, 0x00, 0x80, 0x00, 0x03, 0x24, 0x04, 0x00, 0xa3, 0x14, 
	0x25, 0x10, 0x00, 0x00, 0x0c, 0x00, 0x82, 0x8c, 0x00, 0x00, 0x00, 0x00, 0x00, 0x00, 0x42, 0x90, 
	0x08, 0x00, 0xe0, 0x03, 0x00, 0x00, 0x00, 0x00, 0xe8, 0xff, 0xbd, 0x27, 0x40, 0x00, 0x06, 0x24, 
	0x00, 0x00, 0x04, 0x3c, 0xc0, 0x33, 0x84, 0x24, 0x14, 0x00, 0xbf, 0xaf, 0xca, 0x05, 0x11, 0x04, 
	0xff, 0xff, 0x05, 0x24, 0x14, 0x00, 0xbf, 0x8f, 0x25, 0x10, 0x00, 0x00, 0x08, 0x00, 0xe0, 0x03, 
	0x18, 0x00, 0xbd, 0x27, 0x00, 0x00, 0x03, 0x3c, 0x30, 0x33, 0x63, 0x8c, 0x00, 0x00, 0x00, 0x00, 
	0x08, 0x00, 0x64, 0x10, 0x25, 0x10, 0x80, 0x00, 0x01, 0x00, 0x03, 0x24, 0x02, 0x00, 0x43, 0x14, 
	0x02, 0x00, 0x04, 0x24, 0x03, 0x00, 0x04, 0x24, 0x00, 0x00, 0x01, 0x3c, 0x32, 0xfc, 0x00, 0x10, 
	0x30, 0x33, 0x22, 0xac, 0x08, 0x00, 0xe0, 0x03, 0x00, 0x00, 0x00, 0x00, 0x04, 0x00, 0x84, 0x8c, 
	0xd8, 0xff, 0xbd, 0x27, 0x20, 0x00, 0xb1, 0xaf, 0x1c, 0x00, 0xb0, 0xaf, 0x14, 0x00, 0xa6, 0xaf, 
	0x38, 0x00, 0xb0, 0x8f, 0x3c, 0x00, 0xb1, 0x8f, 0x24, 0x00, 0xbf, 0xaf, 0xe9, 0xff, 0x11, 0x04, 
	0x10, 0x00, 0xa7, 0xaf, 0x14, 0x00, 0xa6, 0x8f, 0x00, 0x00, 0x00, 0x00, 0xff, 0xff, 0xc6, 0x24, 
	0x0c, 0x00, 0xc2, 0x2c, 0x5a, 0x00, 0x40, 0x10, 0x80, 0x30, 0x06, 0x00, 0x00, 0x00, 0x02, 0x3c, 
	0x90, 0x31, 0x42, 0x24, 0x21, 0x10, 0x46, 0x00, 0x00, 0x00, 0x42, 0x8c, 0x10, 0x00, 0xa7, 0x8f, 
	0x08, 0x00, 0x40, 0x00, 0x00, 0x00, 0x00, 0x00, 0x24, 0x00, 0xbf, 0x8f, 0x20, 0x00, 0xb1, 0x8f, 
	0x1c, 0x00, 0xb0, 0x8f, 0x52, 0xfe, 0x00, 0x10, 0x28, 0x00, 0xbd, 0x27, 0x24, 0x00, 0xbf, 0x8f, 
	0x20, 0x00, 0xb1, 0x8f, 0x1c, 0x00, 0xb0, 0x8f, 0x73, 0xfe, 0x00, 0x10, 0x28, 0x00, 0xbd, 0x27, 
	0x24, 0x00, 0xbf, 0x8f, 0x20, 0x00, 0xb1, 0x8f, 0x1c, 0x00, 0xb0, 0x8f, 0x93, 0xfe, 0x00, 0x10, 
	0x28, 0x00, 0xbd, 0x27, 0x00, 0x00, 0xe4, 0x8c, 0x24, 0x00, 0xbf, 0x8f, 0x20, 0x00, 0xb1, 0x8f, 
	0x1c, 0x00, 0xb0, 0x8f, 0x02, 0x00, 0xe5, 0x90, 0xff, 0xff, 0x86, 0x30, 0x02, 0x26, 0x04, 0x00, 
	0xaf, 0xfe, 0x00, 0x10, 0x28, 0x00, 0xbd, 0x27, 0x24, 0x00, 0xbf, 0x8f, 0x20, 0x00, 0xb1, 0x8f, 
	0x1c, 0x00, 0xb0, 0x8f, 0xcd, 0xfe, 0x00, 0x10, 0x28, 0x00, 0xbd, 0x27, 0x24, 0x00, 0xbf, 0x8f, 
	0x20, 0x00, 0xb1, 0x8f, 0x1c, 0x00, 0xb0, 0x8f, 0x00, 0x00, 0xe5, 0x94, 0x02, 0x00, 0xe4, 0x90, 
	0xeb, 0xfe, 0x00, 0x10, 0x28, 0x00, 0xbd, 0x27, 0x24, 0x00, 0xbf, 0x8f, 0x1c, 0x00, 0xb0, 0x8f, 
	0x25, 0x20, 0x20, 0x02, 0x20, 0x00, 0xb1, 0x8f, 0x08, 0xff, 0x00, 0x10, 0x28, 0x00, 0xbd, 0x27, 
	0x24, 0x00, 0xbf, 0x8f, 0x20, 0x00, 0xb1, 0x8f, 0x1c, 0x00, 0xb0, 0x8f, 0x25, 0x20, 0xe0, 0x00, 
	0x24, 0xff, 0x00, 0x10, 0x28, 0x00, 0xbd, 0x27, 0x24, 0x00, 0xbf, 0x8f, 0x20, 0x00, 0xb1, 0x8f, 
	0x1c, 0x00, 0xb0, 0x8f, 0x48, 0xff, 0x00, 0x10, 0x28, 0x00, 0xbd, 0x27, 0x27, 0x00, 0xe0, 0x10, 
	0x05, 0x00, 0x10, 0x2e, 0x1b, 0x00, 0x00, 0x16, 0xff, 0xff, 0x02, 0x24, 0x04, 0x00, 0xe6, 0x90, 
	0x03, 0x00, 0xe2, 0x90, 0x00, 0x32, 0x06, 0x00, 0x25, 0x10, 0xc2, 0x00, 0x02, 0x00, 0xe5, 0x90, 
	0x00, 0x12, 0x02, 0x00, 0x02, 0x32, 0x06, 0x00, 0x21, 0x30, 0xc2, 0x00, 0x01, 0x00, 0xe2, 0x90, 
	0x00, 0x2a, 0x05, 0x00, 0x25, 0x10, 0xa2, 0x00, 0x00, 0x12, 0x02, 0x00, 0x02, 0x2a, 0x05, 0x00, 
	0x24, 0x00, 0xbf, 0x8f, 0x20, 0x00, 0xb1, 0x8f, 0x1c, 0x00, 0xb0, 0x8f, 0x00, 0x00, 0xe4, 0x90, 
	0x21, 0x28, 0xa2, 0x00, 0xff, 0xff, 0xc6, 0x30, 0xff, 0xff, 0xa5, 0x30, 0x4c, 0xff, 0x00, 0x10, 
	0x28, 0x00, 0xbd, 0x27, 0x00, 0x00, 0xe4, 0x8c, 0xce, 0xfb, 0x11, 0x04, 0x00, 0x00, 0x00, 0x00, 
	0x25, 0x10, 0x00, 0x00, 0x24, 0x00, 0xbf, 0x8f, 0x20, 0x00, 0xb1, 0x8f, 0x1c, 0x00, 0xb0, 0x8f, 
	0x08, 0x00, 0xe0, 0x03, 0x28, 0x00, 0xbd, 0x27, 0x00, 0x00, 0xe4, 0x8c, 0xcc, 0xfb, 0x11, 0x04, 
	0x00, 0x00, 0x00, 0x00, 0xf7, 0xff, 0x00, 0x10, 0x25, 0x10, 0x00, 0x00, 0xf5, 0xff, 0x00, 0x10, 
	0xff, 0xff, 0x02, 0x24, 0xc0, 0xff, 0xbd, 0x27, 0x34, 0x00, 0xb1, 0xaf, 0x25, 0x88, 0x80, 0x00, 
	0x04, 0x00, 0x84, 0x8c, 0x3c, 0x00, 0xbf, 0xaf, 0x44, 0x00, 0xa5, 0xaf, 0x38, 0x00, 0xb2, 0xaf, 
	0x30, 0x00, 0xb0, 0xaf, 0x73, 0xff, 0x11, 0x04, 0x25, 0x80, 0xc0, 0x00, 0xff, 0x00, 0x02, 0x3c, 
	0x8b, 0x43, 0x42, 0x24, 0x24, 0x00, 0xa2, 0xaf, 0x0c, 0x00, 0x22, 0x8e, 0x00, 0x00, 0x12, 0x3c, 
	0x98, 0x33, 0x52, 0x26, 0x00, 0x00, 0x42, 0x8c, 0x2c, 0x00, 0xb0, 0xa3, 0x28, 0x00, 0xa2, 0xa3, 
	0x02, 0x16, 0x10, 0x00, 0x29, 0x00, 0xa2, 0xa3, 0x03, 0x14, 0x10, 0x00, 0x2a, 0x00, 0xa2, 0xa3, 
	0x03, 0x12, 0x10, 0x00, 0x2b, 0x00, 0xa2, 0xa3, 0xff, 0xff, 0x02, 0x24, 0x71, 0xfb, 0x11, 0x04, 
	0x2d, 0x00, 0xa2, 0xa3, 0x10, 0x00, 0xb2, 0xaf, 0x18, 0x00, 0xa7, 0x27, 0x24, 0x00, 0xa6, 0x27, 
	0x0a, 0x00, 0x05, 0x24, 0xa9, 0xfb, 0x11, 0x04, 0x0a, 0x00, 0x04, 0x24, 0xff, 0xff, 0x11, 0x24, 
	0x0a, 0x00, 0x51, 0x14, 0xaa, 0x00, 0x02, 0x24, 0x85, 0xfb, 0x11, 0x04, 0x00, 0x00, 0x00, 0x00, 
	0xff, 0xff, 0x02, 0x24, 0x3c, 0x00, 0xbf, 0x8f, 0x38, 0x00, 0xb2, 0x8f, 0x34, 0x00, 0xb1, 0x8f, 
	0x30, 0x00, 0xb0, 0x8f, 0x08, 0x00, 0xe0, 0x03, 0x40, 0x00, 0xbd, 0x27, 0x19, 0x00, 0xa3, 0x93, 
	0x00, 0x00, 0x00, 0x00, 0xf4, 0xff, 0x62, 0x14, 0x00, 0x00, 0x00, 0x00, 0x21, 0x00, 0xa2, 0x93, 
	0x00, 0x00, 0x00, 0x00, 0xf0, 0xff, 0x40, 0x14, 0x00, 0x00, 0x00, 0x00, 0x44, 0x00, 0xa4, 0x8f, 
	0xe3, 0xfc, 0x11, 0x04, 0x25, 0x28, 0x00, 0x02, 0xeb, 0xff, 0x51, 0x10, 0x18, 0x00, 0xa7, 0x27, 
	0x10, 0x00, 0xb2, 0xaf, 0x24, 0x00, 0xa6, 0x27, 0x06, 0x00, 0x05, 0x24, 0x8b, 0xfb, 0x11, 0x04, 
	0x25, 0x20, 0x00, 0x00, 0xe4, 0xff, 0x51, 0x10, 0x00, 0x00, 0x00, 0x00, 0x68, 0xfb, 0x11, 0x04, 
	0x00, 0x00, 0x00, 0x00, 0x1a, 0x00, 0xa3, 0x93, 0x19, 0x00, 0xa2, 0x93, 0x00, 0x1c, 0x03, 0x00, 
	0x00, 0x16, 0x02, 0x00, 0x25, 0x18, 0x62, 0x00, 0x1c, 0x00, 0xa2, 0x93, 0x00, 0x00, 0x00, 0x00, 
	0x25, 0x18, 0x62, 0x00, 0x1b, 0x00, 0xa2, 0x93, 0x00, 0x00, 0x00, 0x00, 0x00, 0x12, 0x02, 0x00, 
	0xd8, 0xff, 0x00, 0x10, 0x25, 0x10, 0x43, 0x00, 0xc0, 0xff, 0xbd, 0x27, 0x38, 0x00, 0xb1, 0xaf, 
	0x25, 0x88, 0x80, 0x00, 0x04, 0x00, 0x84, 0x8c, 0x3c, 0x00, 0xbf, 0xaf, 0x44, 0x00, 0xa5, 0xaf, 
	0x34, 0x00, 0xb0, 0xaf, 0x23, 0xff, 0x11, 0x04, 0x25, 0x80, 0xc0, 0x00, 0xff, 0x00, 0x02, 0x3c, 
	0x8b, 0x42, 0x42, 0x24, 0x24, 0x00, 0xa2, 0xaf, 0x0c, 0x00, 0x22, 0x8e, 0xff, 0xff, 0x11, 0x24, 
	0x00, 0x00, 0x42, 0x8c, 0x2c, 0x00, 0xb0, 0xa3, 0x28, 0x00, 0xa2, 0xa3, 0x02, 0x16, 0x10, 0x00, 
	0x29, 0x00, 0xa2, 0xa3, 0x03, 0x14, 0x10, 0x00, 0x2a, 0x00, 0xa2, 0xa3, 0x03, 0x12, 0x10, 0x00, 
	0x2b, 0x00, 0xa2, 0xa3, 0xff, 0xff, 0x02, 0x24, 0x22, 0xfb, 0x11, 0x04, 0x2d, 0x00, 0xa2, 0xa3, 
	0x00, 0x00, 0x02, 0x3c, 0x90, 0x33, 0x42, 0x24, 0x10, 0x00, 0xa2, 0xaf, 0x18, 0x00, 0xa7, 0x27, 
	0x24, 0x00, 0xa6, 0x27, 0x0a, 0x00, 0x05, 0x24, 0x58, 0xfb, 0x11, 0x04, 0x0a, 0x00, 0x04, 0x24, 
	0x09, 0x00, 0x51, 0x14, 0xaa, 0x00, 0x02, 0x24, 0x35, 0xfb, 0x11, 0x04, 0x00, 0x00, 0x00, 0x00, 
	0xff, 0xff, 0x02, 0x24, 0x3c, 0x00, 0xbf, 0x8f, 0x38, 0x00, 0xb1, 0x8f, 0x34, 0x00, 0xb0, 0x8f, 
	0x08, 0x00, 0xe0, 0x03, 0x40, 0x00, 0xbd, 0x27, 0x19, 0x00, 0xa3, 0x93, 0x00, 0x00, 0x00, 0x00, 
	0xf5, 0xff, 0x62, 0x14, 0x00, 0x00, 0x00, 0x00, 0x21, 0x00, 0xa2, 0x93, 0x00, 0x00, 0x00, 0x00, 
	0xf1, 0xff, 0x40, 0x14, 0x00, 0x00, 0x00, 0x00, 0x44, 0x00, 0xa4, 0x8f, 0x01, 0xfc, 0x11, 0x04, 
	0x25, 0x28, 0x00, 0x02, 0xec, 0xff, 0x51, 0x10, 0x18, 0x00, 0xa7, 0x27, 0x00, 0x00, 0x02, 0x3c, 
	0x98, 0x33, 0x42, 0x24, 0x10, 0x00, 0xa2, 0xaf, 0x24, 0x00, 0xa6, 0x27, 0x06, 0x00, 0x05, 0x24, 
	0x3a, 0xfb, 0x11, 0x04, 0x25, 0x20, 0x00, 0x00, 0xe3, 0xff, 0x51, 0x10, 0x00, 0x00, 0x00, 0x00, 
	0x17, 0xfb, 0x11, 0x04, 0x00, 0x00, 0x00, 0x00, 0x1a, 0x00, 0xa3, 0x93, 0x19, 0x00, 0xa2, 0x93, 
	0x00, 0x1c, 0x03, 0x00, 0x00, 0x16, 0x02, 0x00, 0x25, 0x18, 0x62, 0x00, 0x1c, 0x00, 0xa2, 0x93, 
	0x00, 0x00, 0x00, 0x00, 0x25, 0x18, 0x62, 0x00, 0x1b, 0x00, 0xa2, 0x93, 0x00, 0x00, 0x00, 0x00, 
	0x00, 0x12, 0x02, 0x00, 0x25, 0x10, 0x43, 0x00, 0x2a, 0x18, 0x02, 0x02, 0xd5, 0xff, 0x60, 0x10, 
	0x00, 0x00, 0x00, 0x00, 0xd3, 0xff, 0x00, 0x10, 0x25, 0x10, 0x00, 0x02, 0xb0, 0xff, 0xbd, 0x27, 
	0x48, 0x00, 0xb0, 0xaf, 0x25, 0x80, 0x80, 0x00, 0x04, 0x00, 0x84, 0x8c, 0x4c, 0x00, 0xbf, 0xaf, 
	0x44, 0x00, 0xa6, 0xaf, 0xcf, 0xfe, 0x11, 0x04, 0x40, 0x00, 0xa7, 0xaf, 0x8b, 0x53, 0x02, 0x24, 
	0x30, 0x00, 0xa2, 0xa7, 0xff, 0xff, 0x02, 0x24, 0x32, 0x00, 0xa2, 0xa3, 0x0c, 0x00, 0x02, 0x8e, 
	0x40, 0x00, 0xa7, 0x8f, 0x00, 0x00, 0x42, 0x8c, 0x44, 0x00, 0xa6, 0x8f, 0x33, 0x00, 0xa2, 0xa3, 
	0x02, 0x16, 0x07, 0x00, 0x34, 0x00, 0xa2, 0xa3, 0x03, 0x14, 0x07, 0x00, 0x35, 0x00, 0xa2, 0xa3, 
	0x03, 0x12, 0x07, 0x00, 0x36, 0x00, 0xa2, 0xa3, 0x02, 0x16, 0x06, 0x00, 0x38, 0x00, 0xa2, 0xa3, 
	0x02, 0x14, 0x06, 0x00, 0x39, 0x00, 0xa2, 0xa3, 0xff, 0xff, 0xc2, 0x30, 0x02, 0x12, 0x02, 0x00, 
	0x00, 0x32, 0x06, 0x00, 0x21, 0x10, 0x46, 0x00, 0x3a, 0x00, 0xa2, 0xa7, 0x60, 0x00, 0xa2, 0x8f, 
	0x37, 0x00, 0xa7, 0xa3, 0xc3, 0xfa, 0x11, 0x04, 0x3c, 0x00, 0xa2, 0xa3, 0x00, 0x00, 0x02, 0x3c, 
	0x98, 0x33, 0x42, 0x24, 0x18, 0x00, 0xa7, 0x27, 0x30, 0x00, 0xa6, 0x27, 0x16, 0x00, 0x05, 0x24, 
	0x0d, 0x00, 0x04, 0x24, 0xf9, 0xfa, 0x11, 0x04, 0x10, 0x00, 0xa2, 0xaf, 0xd8, 0xfa, 0x11, 0x04, 
	0x25, 0x80, 0x40, 0x00, 0xff, 0xff, 0x03, 0x24, 0x1e, 0x00, 0x03, 0x12, 0xaa, 0x00, 0x02, 0x24, 
	0x19, 0x00, 0xa3, 0x93, 0x00, 0x00, 0x00, 0x00, 0x1a, 0x00, 0x62, 0x14, 0x00, 0x00, 0x00, 0x00, 
	0x26, 0x00, 0xa3, 0x93, 0x25, 0x00, 0xa2, 0x93, 0x00, 0x1c, 0x03, 0x00, 0x00, 0x16, 0x02, 0x00, 
	0x25, 0x18, 0x62, 0x00, 0x27, 0x00, 0xa2, 0x93, 0x2c, 0x00, 0xa4, 0x93, 0x00, 0x12, 0x02, 0x00, 
	0x25, 0x18, 0x62, 0x00, 0x29, 0x00, 0xa2, 0x93, 0x28, 0x00, 0xa5, 0x93, 0x00, 0x16, 0x02, 0x00, 
	0x25, 0x20, 0x82, 0x00, 0x2a, 0x00, 0xa2, 0x93, 0x25, 0x18, 0x65, 0x00, 0x00, 0x14, 0x02, 0x00, 
	0x25, 0x20, 0x82, 0x00, 0x2b, 0x00, 0xa2, 0x93, 0x00, 0x00, 0x00, 0x00, 0x00, 0x12, 0x02, 0x00, 
	0x25, 0x10, 0x44, 0x00, 0x4c, 0x00, 0xbf, 0x8f, 0x48, 0x00, 0xb0, 0x8f, 0x08, 0x00, 0xe0, 0x03, 
	0x50, 0x00, 0xbd, 0x27, 0xff, 0xff, 0x02, 0x24, 0xfa, 0xff, 0x00, 0x10, 0xff, 0xff, 0x03, 0x24, 
	0xc0, 0xff, 0xbd, 0x27, 0x04, 0x00, 0x84, 0x8c, 0x30, 0x00, 0xb3, 0xaf, 0x25, 0x98, 0xa0, 0x00, 
	0x3c, 0x00, 0xbf, 0xaf, 0x38, 0x00, 0xb5, 0xaf, 0x34, 0x00, 0xb4, 0xaf, 0x2c, 0x00, 0xb2, 0xaf, 
	0x28, 0x00, 0xb1, 0xaf, 0x25, 0x90, 0xc0, 0x00, 0x7a, 0xfe, 0x11, 0x04, 0x24, 0x00, 0xb0, 0xaf, 
	0x3f, 0x04, 0x11, 0x04, 0x25, 0x20, 0x60, 0x02, 0x25, 0x20, 0x40, 0x02, 0x3c, 0x04, 0x11, 0x04, 
	0x25, 0xa0, 0x40, 0x00, 0x25, 0xa8, 0x40, 0x00, 0xff, 0xff, 0x02, 0x3c, 0x8b, 0x4e, 0x42, 0x24, 
	0x00, 0x00, 0x11, 0x3c, 0x98, 0x33, 0x31, 0x26, 0x7e, 0xfa, 0x11, 0x04, 0x18, 0x00, 0xa2, 0xaf, 
	0x10, 0x00, 0xb1, 0xaf, 0x1c, 0x00, 0xa7, 0x27, 0x18, 0x00, 0xa6, 0x27, 0x02, 0x00, 0x05, 0x24, 
	0xb6, 0xfa, 0x11, 0x04, 0x04, 0x00, 0x04, 0x24, 0xff, 0xff, 0x10, 0x24, 0x0d, 0x00, 0x50, 0x14, 
	0xaa, 0x00, 0x02, 0x24, 0x92, 0xfa, 0x11, 0x04, 0x00, 0x00, 0x00, 0x00, 0xff, 0xff, 0x02, 0x24, 
	0x3c, 0x00, 0xbf, 0x8f, 0x38, 0x00, 0xb5, 0x8f, 0x34, 0x00, 0xb4, 0x8f, 0x30, 0x00, 0xb3, 0x8f, 
	0x2c, 0x00, 0xb2, 0x8f, 0x28, 0x00, 0xb1, 0x8f, 0x24, 0x00, 0xb0, 0x8f, 0x08, 0x00, 0xe0, 0x03, 
	0x40, 0x00, 0xbd, 0x27, 0x1d, 0x00, 0xa3, 0x93, 0x00, 0x00, 0x00, 0x00, 0xf1, 0xff, 0x62, 0x14, 
	0x25, 0x38, 0x00, 0x00, 0x01, 0x00, 0x84, 0x26, 0x10, 0x00, 0xb1, 0xaf, 0x25, 0x30, 0x60, 0x02, 
	0x25, 0x28, 0x00, 0x00, 0x9d, 0xfa, 0x11, 0x04, 0xff, 0x00, 0x84, 0x30, 0xe9, 0xff, 0x50, 0x10, 
	0x25, 0x38, 0x00, 0x00, 0x01, 0x00, 0xa4, 0x26, 0x10, 0x00, 0xb1, 0xaf, 0x25, 0x30, 0x40, 0x02, 
	0x25, 0x28, 0x00, 0x00, 0x95, 0xfa, 0x11, 0x04, 0xff, 0x00, 0x84, 0x30, 0xe1, 0xff, 0x50, 0x10, 
	0x1c, 0x00, 0xa7, 0x27, 0x10, 0x00, 0xb1, 0xaf, 0x25, 0x30, 0x00, 0x00, 0x03, 0x00, 0x05, 0x24, 
	0x8e, 0xfa, 0x11, 0x04, 0x25, 0x20, 0x00, 0x00, 0x6d, 0xfa, 0x11, 0x04, 0x25, 0x88, 0x40, 0x00, 
	0xdb, 0xff, 0x30, 0x12, 0xff, 0xff, 0x02, 0x24, 0x1d, 0x00, 0xa2, 0x93, 0x00, 0x00, 0x00, 0x00, 
	0x2b, 0x10, 0x02, 0x00, 0xd6, 0xff, 0x00, 0x10, 0x23, 0x10, 0x02, 0x00, 0xa0, 0xfe, 0xbd, 0x27, 
	0x50, 0x01, 0xb2, 0xaf, 0x25, 0x90, 0x80, 0x00, 0x25, 0x20, 0xa0, 0x00, 0x5c, 0x01, 0xbf, 0xaf, 
	0x58, 0x01, 0xb4, 0xaf, 0x54, 0x01, 0xb3, 0xaf, 0x4c, 0x01, 0xb1, 0xaf, 0x48, 0x01, 0xb0, 0xaf, 
	0x25, 0x88, 0xa0, 0x00, 0xf2, 0x03, 0x11, 0x04, 0x25, 0x80, 0xc0, 0x00, 0x04, 0x00, 0x44, 0x8e, 
	0x28, 0xfe, 0x11, 0x04, 0x25, 0xa0, 0x40, 0x00, 0x8b, 0x4c, 0x02, 0x24, 0x18, 0x00, 0xa2, 0xa7, 
	0x00, 0x00, 0x13, 0x3c, 0x98, 0x33, 0x73, 0x26, 0xff, 0xff, 0x02, 0x24, 0x31, 0xfa, 0x11, 0x04, 
	0x1a, 0x00, 0xa2, 0xa3, 0x10, 0x00, 0xb3, 0xaf, 0x18, 0x01, 0xa7, 0x27, 0x18, 0x00, 0xa6, 0x27, 
	0x04, 0x00, 0x05, 0x24, 0x69, 0xfa, 0x11, 0x04, 0x04, 0x00, 0x04, 0x24, 0xff, 0xff, 0x12, 0x24, 
	0x0c, 0x00, 0x52, 0x14, 0xaa, 0x00, 0x02, 0x24, 0x45, 0xfa, 0x11, 0x04, 0x00, 0x00, 0x00, 0x00, 
	0xff, 0xff, 0x02, 0x24, 0x5c, 0x01, 0xbf, 0x8f, 0x58, 0x01, 0xb4, 0x8f, 0x54, 0x01, 0xb3, 0x8f, 
	0x50, 0x01, 0xb2, 0x8f, 0x4c, 0x01, 0xb1, 0x8f, 0x48, 0x01, 0xb0, 0x8f, 0x08, 0x00, 0xe0, 0x03, 
	0x60, 0x01, 0xbd, 0x27, 0x19, 0x01, 0xa3, 0x93, 0x00, 0x00, 0x00, 0x00, 0xf2, 0xff, 0x62, 0x14, 
	0x25, 0x38, 0x00, 0x00, 0x01, 0x00, 0x84, 0x26, 0x10, 0x00, 0xb3, 0xaf, 0x25, 0x30, 0x20, 0x02, 
	0x25, 0x28, 0x00, 0x00, 0x51, 0xfa, 0x11, 0x04, 0xff, 0x00, 0x84, 0x30, 0xea, 0xff, 0x52, 0x10, 
	0x18, 0x01, 0xa7, 0x27, 0x10, 0x00, 0xb3, 0xaf, 0x25, 0x30, 0x00, 0x00, 0x2b, 0x00, 0x05, 0x24, 
	0x4a, 0xfa, 0x11, 0x04, 0x25, 0x20, 0x00, 0x00, 0xe3, 0xff, 0x52, 0x10, 0x00, 0x00, 0x00, 0x00, 
	0x27, 0xfa, 0x11, 0x04, 0x00, 0x00, 0x00, 0x00, 0x19, 0x01, 0xa2, 0x93, 0x1a, 0x01, 0xa3, 0x93, 
	0x00, 0x16, 0x02, 0x00, 0x00, 0x1c, 0x03, 0x00, 0x25, 0x10, 0x43, 0x00, 0x1c, 0x01, 0xa3, 0x93, 
	0x00, 0x00, 0x00, 0x00, 0x25, 0x10, 0x43, 0x00, 0x1b, 0x01, 0xa3, 0x93, 0x00, 0x00, 0x00, 0x00, 
	0x00, 0x1a, 0x03, 0x00, 0x25, 0x10, 0x43, 0x00, 0x00, 0x00, 0x02, 0xae, 0x1e, 0x01, 0xa3, 0x93, 
	0x1d, 0x01, 0xa2, 0x93, 0x00, 0x1c, 0x03, 0x00, 0x00, 0x16, 0x02, 0x00, 0x25, 0x10, 0x43, 0x00, 
	0x20, 0x01, 0xa3, 0x93, 0x00, 0x00, 0x00, 0x00, 0x25, 0x10, 0x43, 0x00, 0x1f, 0x01, 0xa3, 0x93, 
	0x00, 0x00, 0x00, 0x00, 0x00, 0x1a, 0x03, 0x00, 0x25, 0x10, 0x43, 0x00, 0x04, 0x00, 0x02, 0xae, 
	0x22, 0x01, 0xa3, 0x93, 0x21, 0x01, 0xa2, 0x93, 0x00, 0x1c, 0x03, 0x00, 0x00, 0x16, 0x02, 0x00, 
	0x25, 0x10, 0x43, 0x00, 0x24, 0x01, 0xa3, 0x93, 0x00, 0x00, 0x00, 0x00, 0x25, 0x10, 0x43, 0x00, 
	0x23, 0x01, 0xa3, 0x93, 0x00, 0x00, 0x00, 0x00, 0x00, 0x1a, 0x03, 0x00, 0x25, 0x10, 0x43, 0x00, 
	0x08, 0x00, 0x02, 0xae, 0x25, 0x01, 0xa2, 0x93, 0x00, 0x00, 0x00, 0x00, 0x0c, 0x00, 0x02, 0xa2, 
	0x26, 0x01, 0xa2, 0x93, 0x00, 0x00, 0x00, 0x00, 0x0d, 0x00, 0x02, 0xa2, 0x27, 0x01, 0xa2, 0x93, 
	0x00, 0x00, 0x00, 0x00, 0x0e, 0x00, 0x02, 0xa2, 0x28, 0x01, 0xa2, 0x93, 0x00, 0x00, 0x00, 0x00, 
	0x0f, 0x00, 0x02, 0xa2, 0x29, 0x01, 0xa2, 0x93, 0x00, 0x00, 0x00, 0x00, 0x10, 0x00, 0x02, 0xa2, 
	0x2a, 0x01, 0xa2, 0x93, 0x00, 0x00, 0x00, 0x00, 0x11, 0x00, 0x02, 0xa2, 0x2b, 0x01, 0xa2, 0x93, 
	0x00, 0x00, 0x00, 0x00, 0x12, 0x00, 0x02, 0xa2, 0x2c, 0x01, 0xa2, 0x93, 0x00, 0x00, 0x00, 0x00, 
	0x13, 0x00, 0x02, 0xa2, 0x2d, 0x01, 0xa2, 0x93, 0x00, 0x00, 0x00, 0x00, 0x14, 0x00, 0x02, 0xa2, 
	0x2e, 0x01, 0xa2, 0x93, 0x3e, 0x01, 0xa3, 0x93, 0x15, 0x00, 0x02, 0xa2, 0x2f, 0x01, 0xa2, 0x93, 
	0x00, 0x1c, 0x03, 0x00, 0x16, 0x00, 0x02, 0xa2, 0x30, 0x01, 0xa2, 0x93, 0x00, 0x00, 0x00, 0x00, 
	0x17, 0x00, 0x02, 0xa2, 0x31, 0x01, 0xa2, 0x93, 0x00, 0x00, 0x00, 0x00, 0x18, 0x00, 0x02, 0xa2, 
	0x32, 0x01, 0xa2, 0x93, 0x00, 0x00, 0x00, 0x00, 0x19, 0x00, 0x02, 0xa2, 0x33, 0x01, 0xa2, 0x93, 
	0x00, 0x00, 0x00, 0x00, 0x1a, 0x00, 0x02, 0xa2, 0x34, 0x01, 0xa2, 0x93, 0x00, 0x00, 0x00, 0x00, 
	0x1b, 0x00, 0x02, 0xa2, 0x35, 0x01, 0xa2, 0x93, 0x00, 0x00, 0x00, 0x00, 0x1c, 0x00, 0x02, 0xa2, 
	0x36, 0x01, 0xa2, 0x93, 0x00, 0x00, 0x00, 0x00, 0x1d, 0x00, 0x02, 0xa2, 0x37, 0x01, 0xa2, 0x93, 
	0x00, 0x00, 0x00, 0x00, 0x1e, 0x00, 0x02, 0xa2, 0x38, 0x01, 0xa2, 0x93, 0x00, 0x00, 0x00, 0x00, 
	0x1f, 0x00, 0x02, 0xa2, 0x39, 0x01, 0xa2, 0x93, 0x00, 0x00, 0x00, 0x00, 0x20, 0x00, 0x02, 0xa2, 
	0x3a, 0x01, 0xa2, 0x93, 0x00, 0x00, 0x00, 0x00, 0x21, 0x00, 0x02, 0xa2, 0x3b, 0x01, 0xa2, 0x93, 
	0x00, 0x00, 0x00, 0x00, 0x22, 0x00, 0x02, 0xa2, 0x3c, 0x01, 0xa2, 0x93, 0x00, 0x00, 0x00, 0x00, 
	0x23, 0x00, 0x02, 0xa2, 0x3d, 0x01, 0xa2, 0x93, 0x00, 0x00, 0x00, 0x00, 0x00, 0x16, 0x02, 0x00, 
	0x25, 0x10, 0x43, 0x00, 0x40, 0x01, 0xa3, 0x93, 0x00, 0x00, 0x00, 0x00, 0x25, 0x10, 0x43, 0x00, 
	0x3f, 0x01, 0xa3, 0x93, 0x00, 0x00, 0x00, 0x00, 0x00, 0x1a, 0x03, 0x00, 0x25, 0x10, 0x43, 0x00, 
	0x24, 0x00, 0x02, 0xae, 0x41, 0x01, 0xa2, 0x93, 0x00, 0x00, 0x00, 0x00, 0x2b, 0x10, 0x02, 0x00, 
	0x64, 0xff, 0x00, 0x10, 0x23, 0x10, 0x02, 0x00, 0xa0, 0xff, 0xbd, 0x27, 0x54, 0x00, 0xb1, 0xaf, 
	0x25, 0x88, 0x80, 0x00, 0x04, 0x00, 0x84, 0x8c, 0x5c, 0x00, 0xbf, 0xaf, 0x58, 0x00, 0xb2, 0xaf, 
	0x50, 0x00, 0xb0, 0xaf, 0x6f, 0xfd, 0x11, 0x04, 0x25, 0x80, 0xa0, 0x00, 0x8b, 0x4b, 0x02, 0x24, 
	0x0c, 0x00, 0x23, 0x8e, 0x44, 0x00, 0xa2, 0xa7, 0xff, 0xff, 0x02, 0x24, 0x46, 0x00, 0xa2, 0xa3, 
	0x00, 0x00, 0x63, 0x8c, 0x00, 0x00, 0x12, 0x3c, 0x98, 0x33, 0x52, 0x26, 0x47, 0x00, 0xa3, 0xa3, 
	0x74, 0xf9, 0x11, 0x04, 0x48, 0x00, 0xa2, 0xa3, 0x10, 0x00, 0xb2, 0xaf, 0x18, 0x00, 0xa7, 0x27, 
	0x44, 0x00, 0xa6, 0x27, 0x05, 0x00, 0x05, 0x24, 0xac, 0xf9, 0x11, 0x04, 0x05, 0x00, 0x04, 0x24, 
	0xff, 0xff, 0x11, 0x24, 0x0a, 0x00, 0x51, 0x14, 0xaa, 0x00, 0x02, 0x24, 0x88, 0xf9, 0x11, 0x04, 
	0x00, 0x00, 0x00, 0x00, 0xff, 0xff, 0x02, 0x24, 0x5c, 0x00, 0xbf, 0x8f, 0x58, 0x00, 0xb2, 0x8f, 
	0x54, 0x00, 0xb1, 0x8f, 0x50, 0x00, 0xb0, 0x8f, 0x08, 0x00, 0xe0, 0x03, 0x60, 0x00, 0xbd, 0x27, 
	0x19, 0x00, 0xa3, 0x93, 0x00, 0x00, 0x00, 0x00, 0xf4, 0xff, 0x62, 0x14, 0x00, 0x00, 0x00, 0x00, 
	0x1c, 0x00, 0xa2, 0x93, 0x00, 0x00, 0x00, 0x00, 0xf0, 0xff, 0x40, 0x14, 0x18, 0x00, 0xa7, 0x27, 
	0x10, 0x00, 0xb2, 0xaf, 0x25, 0x30, 0x00, 0x00, 0x2a, 0x00, 0x05, 0x24, 0x93, 0xf9, 0x11, 0x04, 
	0x25, 0x20, 0x00, 0x00, 0xe9, 0xff, 0x51, 0x10, 0x40, 0x00, 0x07, 0x26, 0x19, 0x00, 0xa2, 0x93, 
	0x1a, 0x00, 0xa3, 0x93, 0x00, 0x16, 0x02, 0x00, 0x00, 0x1c, 0x03, 0x00, 0x25, 0x10, 0x43, 0x00, 
	0x1c, 0x00, 0xa3, 0x93, 0x00, 0x00, 0x00, 0x00, 0x25, 0x10, 0x43, 0x00, 0x1b, 0x00, 0xa3, 0x93, 
	0x25, 0x30, 0x00, 0x00, 0x00, 0x1a, 0x03, 0x00, 0x25, 0x10, 0x43, 0x00, 0x00, 0x00, 0x02, 0xae, 
	0x1e, 0x00, 0xa3, 0x93, 0x1d, 0x00, 0xa2, 0x93, 0x00, 0x1c, 0x03, 0x00, 0x00, 0x16, 0x02, 0x00, 
	0x25, 0x10, 0x43, 0x00, 0x20, 0x00, 0xa3, 0x93, 0x25, 0x20, 0x00, 0x00, 0x25, 0x10, 0x43, 0x00, 
	0x1f, 0x00, 0xa3, 0x93, 0x00, 0x00, 0x00, 0x00, 0x00, 0x1a, 0x03, 0x00, 0x25, 0x10, 0x43, 0x00, 
	0x04, 0x00, 0x02, 0xae, 0x22, 0x00, 0xa3, 0x93, 0x21, 0x00, 0xa2, 0x93, 0x00, 0x1c, 0x03, 0x00, 
	0x00, 0x16, 0x02, 0x00, 0x25, 0x10, 0x43, 0x00, 0x24, 0x00, 0xa3, 0x93, 0x00, 0x00, 0x00, 0x00, 
	0x25, 0x10, 0x43, 0x00, 0x23, 0x00, 0xa3, 0x93, 0x00, 0x00, 0x00, 0x00, 0x00, 0x1a, 0x03, 0x00, 
	0x25, 0x10, 0x43, 0x00, 0x08, 0x00, 0x02, 0xae, 0x25, 0x00, 0xa2, 0x93, 0x00, 0x00, 0x00, 0x00, 
	0x0c, 0x00, 0x02, 0xa2, 0x26, 0x00, 0xa2, 0x93, 0x00, 0x00, 0x00, 0x00, 0x0d, 0x00, 0x02, 0xa2, 
	0x27, 0x00, 0xa2, 0x93, 0x00, 0x00, 0x00, 0x00, 0x0e, 0x00, 0x02, 0xa2, 0x28, 0x00, 0xa2, 0x93, 
	0x00, 0x00, 0x00, 0x00, 0x0f, 0x00, 0x02, 0xa2, 0x29, 0x00, 0xa2, 0x93, 0x00, 0x00, 0x00, 0x00, 
	0x10, 0x00, 0x02, 0xa2, 0x2a, 0x00, 0xa2, 0x93, 0x00, 0x00, 0x00, 0x00, 0x11, 0x00, 0x02, 0xa2, 
	0x2b, 0x00, 0xa2, 0x93, 0x00, 0x00, 0x00, 0x00, 0x12, 0x00, 0x02, 0xa2, 0x2c, 0x00, 0xa2, 0x93, 
	0x00, 0x00, 0x00, 0x00, 0x13, 0x00, 0x02, 0xa2, 0x2d, 0x00, 0xa2, 0x93, 0x00, 0x00, 0x00, 0x00, 
	0x14, 0x00, 0x02, 0xa2, 0x2e, 0x00, 0xa2, 0x93, 0x3e, 0x00, 0xa3, 0x93, 0x15, 0x00, 0x02, 0xa2, 
	0x2f, 0x00, 0xa2, 0x93, 0x00, 0x1c, 0x03, 0x00, 0x16, 0x00, 0x02, 0xa2, 0x30, 0x00, 0xa2, 0x93, 
	0x00, 0x00, 0x00, 0x00, 0x17, 0x00, 0x02, 0xa2, 0x31, 0x00, 0xa2, 0x93, 0x00, 0x00, 0x00, 0x00, 
	0x18, 0x00, 0x02, 0xa2, 0x32, 0x00, 0xa2, 0x93, 0x00, 0x00, 0x00, 0x00, 0x19, 0x00, 0x02, 0xa2, 
	0x33, 0x00, 0xa2, 0x93, 0x00, 0x00, 0x00, 0x00, 0x1a, 0x00, 0x02, 0xa2, 0x34, 0x00, 0xa2, 0x93, 
	0x00, 0x00, 0x00, 0x00, 0x1b, 0x00, 0x02, 0xa2, 0x35, 0x00, 0xa2, 0x93, 0x00, 0x00, 0x00, 0x00, 
	0x1c, 0x00, 0x02, 0xa2, 0x36, 0x00, 0xa2, 0x93, 0x00, 0x00, 0x00, 0x00, 0x1d, 0x00, 0x02, 0xa2, 
	0x37, 0x00, 0xa2, 0x93, 0x00, 0x00, 0x00, 0x00, 0x1e, 0x00, 0x02, 0xa2, 0x38, 0x00, 0xa2, 0x93, 
	0x00, 0x00, 0x00, 0x00, 0x1f, 0x00, 0x02, 0xa2, 0x39, 0x00, 0xa2, 0x93, 0x00, 0x00, 0x00, 0x00, 
	0x20, 0x00, 0x02, 0xa2, 0x3a, 0x00, 0xa2, 0x93, 0x00, 0x00, 0x00, 0x00, 0x21, 0x00, 0x02, 0xa2, 
	0x3b, 0x00, 0xa2, 0x93, 0x00, 0x00, 0x00, 0x00, 0x22, 0x00, 0x02, 0xa2, 0x3c, 0x00, 0xa2, 0x93, 
	0x00, 0x00, 0x00, 0x00, 0x23, 0x00, 0x02, 0xa2, 0x3d, 0x00, 0xa2, 0x93, 0x00, 0x00, 0x00, 0x00, 
	0x00, 0x16, 0x02, 0x00, 0x25, 0x10, 0x43, 0x00, 0x40, 0x00, 0xa3, 0x93, 0x41, 0x00, 0xa5, 0x93, 
	0x25, 0x10, 0x43, 0x00, 0x3f, 0x00, 0xa3, 0x93, 0x00, 0x00, 0x00, 0x00, 0x00, 0x1a, 0x03, 0x00, 
	0x25, 0x10, 0x43, 0x00, 0x24, 0x00, 0x02, 0xae, 0x14, 0xf9, 0x11, 0x04, 0x10, 0x00, 0xb2, 0xaf, 
	0x6a, 0xff, 0x51, 0x10, 0x18, 0x00, 0xa7, 0x27, 0x10, 0x00, 0xb2, 0xaf, 0x25, 0x30, 0x00, 0x00, 
	0x03, 0x00, 0x05, 0x24, 0x0d, 0xf9, 0x11, 0x04, 0x25, 0x20, 0x00, 0x00, 0x63, 0xff, 0x51, 0x10, 
	0x00, 0x00, 0x00, 0x00, 0xea, 0xf8, 0x11, 0x04, 0x00, 0x00, 0x00, 0x00, 0x19, 0x00, 0xa2, 0x93, 
	0x61, 0xff, 0x00, 0x10, 0x00, 0x00, 0x00, 0x00, 0xc8, 0xff, 0xbd, 0x27, 0x30, 0x00, 0xb0, 0xaf, 
	0x25, 0x80, 0x80, 0x00, 0x04, 0x00, 0x84, 0x8c, 0x34, 0x00, 0xbf, 0xaf, 0xb1, 0xfc, 0x11, 0x04, 
	0x00, 0x00, 0x00, 0x00, 0x8b, 0x4a, 0x02, 0x24, 0x20, 0x00, 0xa2, 0xa7, 0xff, 0xff, 0x02, 0x24, 
	0x22, 0x00, 0xa2, 0xa3, 0x0c, 0x00, 0x02, 0x8e, 0x00, 0x00, 0x00, 0x00, 0x00, 0x00, 0x42, 0x8c, 
	0xb8, 0xf8, 0x11, 0x04, 0x23, 0x00, 0xa2, 0xa3, 0x00, 0x00, 0x02, 0x3c, 0x98, 0x33, 0x42, 0x24, 
	0x18, 0x00, 0xa7, 0x27, 0x20, 0x00, 0xa6, 0x27, 0x06, 0x00, 0x05, 0x24, 0x04, 0x00, 0x04, 0x24, 
	0xee, 0xf8, 0x11, 0x04, 0x10, 0x00, 0xa2, 0xaf, 0xcd, 0xf8, 0x11, 0x04, 0x28, 0x00, 0xa2, 0xaf, 
	0x28, 0x00, 0xa2, 0x8f, 0xff, 0xff, 0x03, 0x24, 0x0e, 0x00, 0x43, 0x10, 0xaa, 0x00, 0x04, 0x24, 
	0x19, 0x00, 0xa5, 0x93, 0x00, 0x00, 0x00, 0x00, 0x0a, 0x00, 0xa4, 0x14, 0xff, 0xff, 0x02, 0x24, 
	0x1c, 0x00, 0xa4, 0x93, 0x00, 0x00, 0x00, 0x00, 0x06, 0x00, 0x80, 0x14, 0x00, 0x00, 0x00, 0x00, 
	0x0c, 0x00, 0x02, 0x8e, 0x00, 0x00, 0x00, 0x00, 0x00, 0x00, 0x43, 0xac, 0x0c, 0x00, 0x00, 0xae, 
	0x25, 0x10, 0x00, 0x00, 0x34, 0x00, 0xbf, 0x8f, 0x30, 0x00, 0xb0, 0x8f, 0x08, 0x00, 0xe0, 0x03, 
	0x38, 0x00, 0xbd, 0x27, 0xc8, 0xff, 0xbd, 0x27, 0x04, 0x00, 0x84, 0x8c, 0x24, 0x00, 0xb0, 0xaf, 
	0x25, 0x80, 0xa0, 0x00, 0x34, 0x00, 0xbf, 0xaf, 0x30, 0x00, 0xb3, 0xaf, 0x2c, 0x00, 0xb2, 0xaf, 
	0x80, 0xfc, 0x11, 0x04, 0x28, 0x00, 0xb1, 0xaf, 0x45, 0x02, 0x11, 0x04, 0x25, 0x20, 0x00, 0x02, 
	0x25, 0x98, 0x40, 0x00, 0xff, 0xff, 0x02, 0x3c, 0x8b, 0x48, 0x42, 0x24, 0x00, 0x00, 0x12, 0x3c, 
	0x98, 0x33, 0x52, 0x26, 0x87, 0xf8, 0x11, 0x04, 0x18, 0x00, 0xa2, 0xaf, 0x10, 0x00, 0xb2, 0xaf, 
	0x1c, 0x00, 0xa7, 0x27, 0x18, 0x00, 0xa6, 0x27, 0x02, 0x00, 0x05, 0x24, 0xbf, 0xf8, 0x11, 0x04, 
	0x04, 0x00, 0x04, 0x24, 0xff, 0xff, 0x11, 0x24, 0x0b, 0x00, 0x51, 0x14, 0xaa, 0x00, 0x02, 0x24, 
	0x9b, 0xf8, 0x11, 0x04, 0x00, 0x00, 0x00, 0x00, 0xff, 0xff, 0x02, 0x24, 0x34, 0x00, 0xbf, 0x8f, 
	0x30, 0x00, 0xb3, 0x8f, 0x2c, 0x00, 0xb2, 0x8f, 0x28, 0x00, 0xb1, 0x8f, 0x24, 0x00, 0xb0, 0x8f, 
	0x08, 0x00, 0xe0, 0x03, 0x38, 0x00, 0xbd, 0x27, 0x1d, 0x00, 0xa3, 0x93, 0x00, 0x00, 0x00, 0x00, 
	0xf3, 0xff, 0x62, 0x14, 0x25, 0x38, 0x00, 0x00, 0x01, 0x00, 0x64, 0x26, 0x10, 0x00, 0xb2, 0xaf, 
	0x25, 0x30, 0x00, 0x02, 0x25, 0x28, 0x00, 0x00, 0xa8, 0xf8, 0x11, 0x04, 0xff, 0x00, 0x84, 0x30, 
	0xeb, 0xff, 0x51, 0x10, 0x1c, 0x00, 0xa7, 0x27, 0x10, 0x00, 0xb2, 0xaf, 0x25, 0x30, 0x00, 0x00, 
	0x03, 0x00, 0x05, 0x24, 0xa1, 0xf8, 0x11, 0x04, 0x25, 0x20, 0x00, 0x00, 0x80, 0xf8, 0x11, 0x04, 
	0x25, 0x80, 0x40, 0x00, 0xe5, 0xff, 0x11, 0x12, 0xff, 0xff, 0x02, 0x24, 0x1d, 0x00, 0xa2, 0x93, 
	0x00, 0x00, 0x00, 0x00, 0x2b, 0x10, 0x02, 0x00, 0xe0, 0xff, 0x00, 0x10, 0x23, 0x10, 0x02, 0x00, 
	0xc8, 0xff, 0xbd, 0x27, 0x04, 0x00, 0x84, 0x8c, 0x24, 0x00, 0xb0, 0xaf, 0x25, 0x80, 0xa0, 0x00, 
	0x34, 0x00, 0xbf, 0xaf, 0x30, 0x00, 0xb3, 0xaf, 0x2c, 0x00, 0xb2, 0xaf, 0x41, 0xfc, 0x11, 0x04, 
	0x28, 0x00, 0xb1, 0xaf, 0x06, 0x02, 0x11, 0x04, 0x25, 0x20, 0x00, 0x02, 0x25, 0x98, 0x40, 0x00, 
	0xff, 0xff, 0x02, 0x3c, 0x8b, 0x47, 0x42, 0x24, 0x00, 0x00, 0x12, 0x3c, 0x98, 0x33, 0x52, 0x26, 
	0x48, 0xf8, 0x11, 0x04, 0x18, 0x00, 0xa2, 0xaf, 0x10, 0x00, 0xb2, 0xaf, 0x1c, 0x00, 0xa7, 0x27, 
	0x18, 0x00, 0xa6, 0x27, 0x02, 0x00, 0x05, 0x24, 0x80, 0xf8, 0x11, 0x04, 0x04, 0x00, 0x04, 0x24, 
	0xff, 0xff, 0x11, 0x24, 0x0b, 0x00, 0x51, 0x14, 0xaa, 0x00, 0x02, 0x24, 0x5c, 0xf8, 0x11, 0x04, 
	0x00, 0x00, 0x00, 0x00, 0xff, 0xff, 0x02, 0x24, 0x34, 0x00, 0xbf, 0x8f, 0x30, 0x00, 0xb3, 0x8f, 
	0x2c, 0x00, 0xb2, 0x8f, 0x28, 0x00, 0xb1, 0x8f, 0x24, 0x00, 0xb0, 0x8f, 0x08, 0x00, 0xe0, 0x03, 
	0x38, 0x00, 0xbd, 0x27, 0x1d, 0x00, 0xa3, 0x93, 0x00, 0x00, 0x00, 0x00, 0xf3, 0xff, 0x62, 0x14, 
	0x25, 0x38, 0x00, 0x00, 0x01, 0x00, 0x64, 0x26, 0x10, 0x00, 0xb2, 0xaf, 0x25, 0x30, 0x00, 0x02, 
	0x25, 0x28, 0x00, 0x00, 0x69, 0xf8, 0x11, 0x04, 0xff, 0x00, 0x84, 0x30, 0xeb, 0xff, 0x51, 0x10, 
	0x1c, 0x00, 0xa7, 0x27, 0x10, 0x00, 0xb2, 0xaf, 0x25, 0x30, 0x00, 0x00, 0x03, 0x00, 0x05, 0x24, 
	0x62, 0xf8, 0x11, 0x04, 0x25, 0x20, 0x00, 0x00, 0x41, 0xf8, 0x11, 0x04, 0x25, 0x80, 0x40, 0x00, 
	0xe5, 0xff, 0x11, 0x12, 0xff, 0xff, 0x02, 0x24, 0x1d, 0x00, 0xa2, 0x93, 0x00, 0x00, 0x00, 0x00, 
	0x2b, 0x10, 0x02, 0x00, 0xe0, 0xff, 0x00, 0x10, 0x23, 0x10, 0x02, 0x00, 0xc8, 0xff, 0xbd, 0x27, 
	0x04, 0x00, 0x84, 0x8c, 0x24, 0x00, 0xb0, 0xaf, 0x25, 0x80, 0xa0, 0x00, 0x34, 0x00, 0xbf, 0xaf, 
	0x30, 0x00, 0xb3, 0xaf, 0x2c, 0x00, 0xb2, 0xaf, 0x02, 0xfc, 0x11, 0x04, 0x28, 0x00, 0xb1, 0xaf, 
	0xc7, 0x01, 0x11, 0x04, 0x25, 0x20, 0x00, 0x02, 0x25, 0x98, 0x40, 0x00, 0xff, 0xff, 0x02, 0x3c, 
	0x8b, 0x46, 0x42, 0x24, 0x00, 0x00, 0x12, 0x3c, 0x98, 0x33, 0x52, 0x26, 0x09, 0xf8, 0x11, 0x04, 
	0x18, 0x00, 0xa2, 0xaf, 0x10, 0x00, 0xb2, 0xaf, 0x1c, 0x00, 0xa7, 0x27, 0x18, 0x00, 0xa6, 0x27, 
	0x02, 0x00, 0x05, 0x24, 0x41, 0xf8, 0x11, 0x04, 0x04, 0x00, 0x04, 0x24, 0xff, 0xff, 0x11, 0x24, 
	0x0b, 0x00, 0x51, 0x14, 0xaa, 0x00, 0x02, 0x24, 0x1d, 0xf8, 0x11, 0x04, 0x00, 0x00, 0x00, 0x00, 
	0xff, 0xff, 0x02, 0x24, 0x34, 0x00, 0xbf, 0x8f, 0x30, 0x00, 0xb3, 0x8f, 0x2c, 0x00, 0xb2, 0x8f, 
	0x28, 0x00, 0xb1, 0x8f, 0x24, 0x00, 0xb0, 0x8f, 0x08, 0x00, 0xe0, 0x03, 0x38, 0x00, 0xbd, 0x27, 
	0x1d, 0x00, 0xa3, 0x93, 0x00, 0x00, 0x00, 0x00, 0xf3, 0xff, 0x62, 0x14, 0x25, 0x38, 0x00, 0x00, 
	0x01, 0x00, 0x64, 0x26, 0x10, 0x00, 0xb2, 0xaf, 0x25, 0x30, 0x00, 0x02, 0x25, 0x28, 0x00, 0x00, 
	0x2a, 0xf8, 0x11, 0x04, 0xff, 0x00, 0x84, 0x30, 0xeb, 0xff, 0x51, 0x10, 0x1c, 0x00, 0xa7, 0x27, 
	0x10, 0x00, 0xb2, 0xaf, 0x25, 0x30, 0x00, 0x00, 0x03, 0x00, 0x05, 0x24, 0x23, 0xf8, 0x11, 0x04, 
	0x25, 0x20, 0x00, 0x00, 0x02, 0xf8, 0x11, 0x04, 0x25, 0x80, 0x40, 0x00, 0xe5, 0xff, 0x11, 0x12, 
	0xff, 0xff, 0x02, 0x24, 0x1d, 0x00, 0xa2, 0x93, 0x00, 0x00, 0x00, 0x00, 0x2b, 0x10, 0x02, 0x00, 
	0xe0, 0xff, 0x00, 0x10, 0x23, 0x10, 0x02, 0x00, 0xc0, 0xff, 0xbd, 0x27, 0x38, 0x00, 0xb0, 0xaf, 
	0x25, 0x80, 0x80, 0x00, 0x04, 0x00, 0x84, 0x8c, 0x3c, 0x00, 0xbf, 0xaf, 0x44, 0x00, 0xa5, 0xaf, 
	0xc4, 0xfb, 0x11, 0x04, 0x48, 0x00, 0xa6, 0xaf, 0x8b, 0x44, 0x02, 0x24, 0x28, 0x00, 0xa2, 0xa7, 
	0xff, 0xff, 0x02, 0x24, 0x2a, 0x00, 0xa2, 0xa3, 0x0c, 0x00, 0x02, 0x8e, 0x44, 0x00, 0xa5, 0x8f, 
	0x00, 0x00, 0x42, 0x8c, 0x48, 0x00, 0xa6, 0x8f, 0x2b, 0x00, 0xa2, 0xa3, 0x02, 0x16, 0x05, 0x00, 
	0x2c, 0x00, 0xa2, 0xa3, 0x03, 0x14, 0x05, 0x00, 0x2d, 0x00, 0xa2, 0xa3, 0xff, 0xff, 0xa2, 0x30, 
	0x02, 0x12, 0x02, 0x00, 0x00, 0x2a, 0x05, 0x00, 0x21, 0x10, 0x45, 0x00, 0x2e, 0x00, 0xa2, 0xa7, 
	0xc0, 0xf7, 0x11, 0x04, 0x30, 0x00, 0xa6, 0xa3, 0x00, 0x00, 0x02, 0x3c, 0x98, 0x33, 0x42, 0x24, 
	0x18, 0x00, 0xa7, 0x27, 0x28, 0x00, 0xa6, 0x27, 0x0e, 0x00, 0x05, 0x24, 0x09, 0x00, 0x04, 0x24, 
	0xf6, 0xf7, 0x11, 0x04, 0x10, 0x00, 0xa2, 0xaf, 0xd5, 0xf7, 0x11, 0x04, 0x25, 0x80, 0x40, 0x00, 
	0xff, 0xff, 0x03, 0x24, 0x11, 0x00, 0x03, 0x12, 0xaa, 0x00, 0x03, 0x24, 0x19, 0x00, 0xa4, 0x93, 
	0x00, 0x00, 0x00, 0x00, 0x0d, 0x00, 0x83, 0x14, 0xff, 0xff, 0x10, 0x24, 0x22, 0x00, 0xa3, 0x93, 
	0x21, 0x00, 0xa2, 0x93, 0x00, 0x1c, 0x03, 0x00, 0x00, 0x16, 0x02, 0x00, 0x25, 0x18, 0x62, 0x00, 
	0x24, 0x00, 0xa2, 0x93, 0x00, 0x00, 0x00, 0x00, 0x25, 0x18, 0x62, 0x00, 0x23, 0x00, 0xa2, 0x93, 
	0x00, 0x00, 0x00, 0x00, 0x00, 0x12, 0x02, 0x00, 0x25, 0x80, 0x43, 0x00, 0x3c, 0x00, 0xbf, 0x8f, 
	0x25, 0x10, 0x00, 0x02, 0x38, 0x00, 0xb0, 0x8f, 0x08, 0x00, 0xe0, 0x03, 0x40, 0x00, 0xbd, 0x27, 
	0xc8, 0xff, 0xbd, 0x27, 0x30, 0x00, 0xb0, 0xaf, 0x25, 0x80, 0x80, 0x00, 0x04, 0x00, 0x84, 0x8c, 
	0x34, 0x00, 0xbf, 0xaf, 0x87, 0xfb, 0x11, 0x04, 0x00, 0x00, 0x00, 0x00, 0x0c, 0x00, 0x04, 0x8e, 
	0x00, 0x00, 0x00, 0x00, 0x00, 0x00, 0x83, 0x8c, 0x00, 0x00, 0x00, 0x00, 0xfa, 0x00, 0x63, 0x28, 
	0x24, 0x00, 0x60, 0x10, 0x25, 0x10, 0x00, 0x00, 0x8b, 0x41, 0x02, 0x24, 0x20, 0x00, 0xa2, 0xa7, 
	0xff, 0xff, 0x02, 0x24, 0x22, 0x00, 0xa2, 0xa3, 0x00, 0x00, 0x82, 0x8c, 0x00, 0x00, 0x00, 0x00, 
	0x23, 0x00, 0xa2, 0xa3, 0xff, 0xff, 0x02, 0x24, 0x86, 0xf7, 0x11, 0x04, 0x24, 0x00, 0xa2, 0xa7, 
	0x00, 0x00, 0x02, 0x3c, 0x98, 0x33, 0x42, 0x24, 0x06, 0x00, 0x04, 0x24, 0x18, 0x00, 0xa7, 0x27, 
	0x20, 0x00, 0xa6, 0x27, 0x06, 0x00, 0x05, 0x24, 0xbc, 0xf7, 0x11, 0x04, 0x10, 0x00, 0xa2, 0xaf, 
	0x9b, 0xf7, 0x11, 0x04, 0x28, 0x00, 0xa2, 0xaf, 0x28, 0x00, 0xa2, 0x8f, 0xff, 0xff, 0x04, 0x24, 
	0x0c, 0x00, 0x44, 0x10, 0xaa, 0x00, 0x03, 0x24, 0x19, 0x00, 0xa5, 0x93, 0x00, 0x00, 0x00, 0x00, 
	0x0e, 0x00, 0xa3, 0x14, 0x00, 0x00, 0x00, 0x00, 0x1c, 0x00, 0xa3, 0x93, 0x00, 0x00, 0x00, 0x00, 
	0x08, 0x00, 0x60, 0x14, 0x00, 0x00, 0x00, 0x00, 0x0c, 0x00, 0x03, 0x8e, 0x00, 0x00, 0x00, 0x00, 
	0x00, 0x00, 0x64, 0xac, 0x34, 0x00, 0xbf, 0x8f, 0x30, 0x00, 0xb0, 0x8f, 0x08, 0x00, 0xe0, 0x03, 
	0x38, 0x00, 0xbd, 0x27, 0xfb, 0xff, 0x00, 0x10, 0x25, 0x10, 0x60, 0x00, 0xf9, 0xff, 0x00, 0x10, 
	0xff, 0xff, 0x02, 0x24, 0xc0, 0xff, 0xbd, 0x27, 0x2c, 0x00, 0xb1, 0xaf, 0x25, 0x88, 0x80, 0x00, 
	0x04, 0x00, 0x84, 0x8c, 0x30, 0x00, 0xb2, 0xaf, 0x28, 0x00, 0xb0, 0xaf, 0x25, 0x90, 0xa0, 0x00, 
	0x3c, 0x00, 0xbf, 0xaf, 0x38, 0x00, 0xb4, 0xaf, 0x34, 0x00, 0xb3, 0xaf, 0x49, 0xfb, 0x11, 0x04, 
	0x25, 0x80, 0xc0, 0x00, 0x00, 0x00, 0x03, 0x3c, 0xc0, 0x33, 0x63, 0x24, 0x25, 0x10, 0x00, 0x00, 
	0x25, 0x20, 0x60, 0x00, 0x10, 0x00, 0x05, 0x24, 0x00, 0x00, 0x66, 0x8c, 0x00, 0x00, 0x00, 0x00, 
	0x27, 0x00, 0xc1, 0x04, 0x01, 0x00, 0x42, 0x24, 0xff, 0xff, 0x42, 0x24, 0x80, 0x10, 0x02, 0x00, 
	0x21, 0x20, 0x82, 0x00, 0x0c, 0x00, 0x24, 0xae, 0x01, 0x01, 0x11, 0x04, 0x25, 0x20, 0x40, 0x02, 
	0x25, 0xa0, 0x40, 0x00, 0x8b, 0x40, 0x02, 0x24, 0xe0, 0xff, 0x05, 0x24, 0x03, 0x00, 0x03, 0x32, 
	0x18, 0x00, 0xa2, 0xa7, 0x43, 0x11, 0x10, 0x00, 0x03, 0x81, 0x10, 0x00, 0x24, 0x80, 0x05, 0x02, 
	0x08, 0x00, 0x42, 0x30, 0x25, 0x10, 0x50, 0x00, 0xff, 0xff, 0x63, 0x24, 0xff, 0xff, 0x04, 0x24, 
	0x25, 0x18, 0x62, 0x00, 0x00, 0x00, 0x13, 0x3c, 0x98, 0x33, 0x73, 0x26, 0x1a, 0x00, 0xa4, 0xa3, 
	0x1b, 0x00, 0xa3, 0xa3, 0x37, 0xf7, 0x11, 0x04, 0x1c, 0x00, 0xa4, 0xa3, 0x10, 0x00, 0xb3, 0xaf, 
	0x20, 0x00, 0xa7, 0x27, 0x18, 0x00, 0xa6, 0x27, 0x02, 0x00, 0x05, 0x24, 0x6f, 0xf7, 0x11, 0x04, 
	0x05, 0x00, 0x04, 0x24, 0xff, 0xff, 0x10, 0x24, 0x11, 0x00, 0x50, 0x14, 0xaa, 0x00, 0x02, 0x24, 
	0x4b, 0xf7, 0x11, 0x04, 0x00, 0x00, 0x00, 0x00, 0x05, 0x00, 0x00, 0x10, 0xff, 0xff, 0x02, 0x24, 
	0xd5, 0xff, 0x45, 0x14, 0x04, 0x00, 0x63, 0x24, 0x0c, 0x00, 0x20, 0xae, 0xff, 0xff, 0x02, 0x24, 
	0x3c, 0x00, 0xbf, 0x8f, 0x38, 0x00, 0xb4, 0x8f, 0x34, 0x00, 0xb3, 0x8f, 0x30, 0x00, 0xb2, 0x8f, 
	0x2c, 0x00, 0xb1, 0x8f, 0x28, 0x00, 0xb0, 0x8f, 0x08, 0x00, 0xe0, 0x03, 0x40, 0x00, 0xbd, 0x27, 
	0x21, 0x00, 0xa3, 0x93, 0x00, 0x00, 0x00, 0x00, 0xed, 0xff, 0x62, 0x14, 0x25, 0x38, 0x00, 0x00, 
	0x01, 0x00, 0x84, 0x26, 0x10, 0x00, 0xb3, 0xaf, 0x25, 0x30, 0x40, 0x02, 0x25, 0x28, 0x00, 0x00, 
	0x52, 0xf7, 0x11, 0x04, 0xff, 0x00, 0x84, 0x30, 0xe5, 0xff, 0x50, 0x10, 0x20, 0x00, 0xa7, 0x27, 
	0x10, 0x00, 0xb3, 0xaf, 0x18, 0x00, 0xa6, 0x27, 0x03, 0x00, 0x05, 0x24, 0x4b, 0xf7, 0x11, 0x04, 
	0x25, 0x20, 0x00, 0x00, 0x2a, 0xf7, 0x11, 0x04, 0x25, 0x90, 0x40, 0x00, 0xe4, 0xff, 0x50, 0x12, 
	0xff, 0xff, 0x02, 0x24, 0x21, 0x00, 0xa2, 0x93, 0xff, 0x00, 0x03, 0x24, 0xde, 0xff, 0x43, 0x10, 
	0x00, 0x00, 0x00, 0x00, 0x0c, 0x00, 0x23, 0x8e, 0x00, 0x00, 0x00, 0x00, 0x00, 0x00, 0x62, 0xac, 
	0xdb, 0xff, 0x00, 0x10, 0x25, 0x10, 0x00, 0x00, 0xc0, 0xff, 0xbd, 0x27, 0x28, 0x00, 0xb0, 0xaf, 
	0x25, 0x80, 0x80, 0x00, 0x04, 0x00, 0x84, 0x8c, 0x2c, 0x00, 0xb1, 0xaf, 0x3c, 0x00, 0xbf, 0xaf, 
	0x25, 0x88, 0xa0, 0x00, 0x38, 0x00, 0xb4, 0xaf, 0x34, 0x00, 0xb3, 0xaf, 0xe5, 0xfa, 0x11, 0x04, 
	0x30, 0x00, 0xb2, 0xaf, 0x00, 0x00, 0x03, 0x3c, 0xc0, 0x33, 0x63, 0x24, 0x25, 0x10, 0x00, 0x00, 
	0x25, 0x20, 0x60, 0x00, 0x10, 0x00, 0x05, 0x24, 0x00, 0x00, 0x66, 0x8c, 0x00, 0x00, 0x00, 0x00, 
	0x1b, 0x00, 0xc1, 0x04, 0x01, 0x00, 0x42, 0x24, 0xff, 0xff, 0x42, 0x24, 0x80, 0x10, 0x02, 0x00, 
	0x21, 0x20, 0x82, 0x00, 0x0c, 0x00, 0x04, 0xae, 0x9d, 0x00, 0x11, 0x04, 0x25, 0x20, 0x20, 0x02, 
	0x25, 0xa0, 0x40, 0x00, 0xff, 0xff, 0x02, 0x3c, 0x8b, 0x49, 0x42, 0x24, 0x00, 0x00, 0x13, 0x3c, 
	0x98, 0x33, 0x73, 0x26, 0xdf, 0xf6, 0x11, 0x04, 0x18, 0x00, 0xa2, 0xaf, 0x10, 0x00, 0xb3, 0xaf, 
	0x20, 0x00, 0xa7, 0x27, 0x18, 0x00, 0xa6, 0x27, 0x02, 0x00, 0x05, 0x24, 0x17, 0xf7, 0x11, 0x04, 
	0x04, 0x00, 0x04, 0x24, 0xff, 0xff, 0x12, 0x24, 0x11, 0x00, 0x52, 0x14, 0xaa, 0x00, 0x02, 0x24, 
	0xf3, 0xf6, 0x11, 0x04, 0x00, 0x00, 0x00, 0x00, 0x05, 0x00, 0x00, 0x10, 0xff, 0xff, 0x02, 0x24, 
	0xe1, 0xff, 0x45, 0x14, 0x04, 0x00, 0x63, 0x24, 0x0c, 0x00, 0x00, 0xae, 0xff, 0xff, 0x02, 0x24, 
	0x3c, 0x00, 0xbf, 0x8f, 0x38, 0x00, 0xb4, 0x8f, 0x34, 0x00, 0xb3, 0x8f, 0x30, 0x00, 0xb2, 0x8f, 
	0x2c, 0x00, 0xb1, 0x8f, 0x28, 0x00, 0xb0, 0x8f, 0x08, 0x00, 0xe0, 0x03, 0x40, 0x00, 0xbd, 0x27, 
	0x21, 0x00, 0xa3, 0x93, 0x00, 0x00, 0x00, 0x00, 0xed, 0xff, 0x62, 0x14, 0x25, 0x38, 0x00, 0x00, 
	0x01, 0x00, 0x84, 0x26, 0x10, 0x00, 0xb3, 0xaf, 0x25, 0x30, 0x20, 0x02, 0x25, 0x28, 0x00, 0x00, 
	0xfa, 0xf6, 0x11, 0x04, 0xff, 0x00, 0x84, 0x30, 0xe5, 0xff, 0x52, 0x10, 0x20, 0x00, 0xa7, 0x27, 
	0x10, 0x00, 0xb3, 0xaf, 0x25, 0x30, 0x00, 0x00, 0x03, 0x00, 0x05, 0x24, 0xf3, 0xf6, 0x11, 0x04, 
	0x25, 0x20, 0x00, 0x00, 0xd2, 0xf6, 0x11, 0x04, 0x25, 0x88, 0x40, 0x00, 0xe4, 0xff, 0x32, 0x12, 
	0xff, 0xff, 0x02, 0x24, 0x21, 0x00, 0xa2, 0x93, 0xff, 0x00, 0x03, 0x24, 0xde, 0xff, 0x43, 0x10, 
	0x00, 0x00, 0x00, 0x00, 0x0c, 0x00, 0x03, 0x8e, 0x00, 0x00, 0x00, 0x00, 0x00, 0x00, 0x62, 0xac, 
	0xdb, 0xff, 0x00, 0x10, 0x25, 0x10, 0x00, 0x00, 0x00, 0x00, 0x04, 0x3c, 0xb0, 0x32, 0x84, 0x8c, 
	0xe8, 0xff, 0xbd, 0x27, 0x14, 0x00, 0xbf, 0xaf, 0x2b, 0x00, 0x11, 0x04, 0x00, 0x00, 0x00, 0x00, 
	0x00, 0x00, 0x04, 0x3c, 0x26, 0x00, 0x11, 0x04, 0xb0, 0x32, 0x84, 0x24, 0x14, 0x00, 0xbf, 0x8f, 
	0x01, 0x00, 0x42, 0x2c, 0x08, 0x00, 0xe0, 0x03, 0x18, 0x00, 0xbd, 0x27, 0x00, 0x00, 0x04, 0x3c, 
	0xb0, 0x32, 0x84, 0x8c, 0xe8, 0xff, 0xbd, 0x27, 0x14, 0x00, 0xbf, 0xaf, 0x1e, 0x00, 0x11, 0x04, 
	0x00, 0x00, 0x00, 0x00, 0x14, 0x00, 0xbf, 0x8f, 0x25, 0x10, 0x00, 0x00, 0x08, 0x00, 0xe0, 0x03, 
	0x18, 0x00, 0xbd, 0x27, 0x00, 0x00, 0x00, 0x00, 0x00, 0x00, 0x00, 0x00, 0x00, 0x00, 0x00, 0x00, 
	0x00, 0x00, 0xe0, 0x41, 0x00, 0x00, 0x00, 0x00, 0x01, 0x01, 0x00, 0x00, 0x64, 0x6d, 0x61, 0x63, 
	0x6d, 0x61, 0x6e, 0x00, 0x08, 0x00, 0xe0, 0x03, 0x1c, 0x00, 0x00, 0x24, 0x08, 0x00, 0xe0, 0x03, 
	0x20, 0x00, 0x00, 0x24, 0x08, 0x00, 0xe0, 0x03, 0x21, 0x00, 0x00, 0x24, 0x08, 0x00, 0xe0, 0x03, 
	0x22, 0x00, 0x00, 0x24, 0x00, 0x00, 0x00, 0x00, 0x00, 0x00, 0x00, 0x00, 0x00, 0x00, 0xe0, 0x41, 
	0x00, 0x00, 0x00, 0x00, 0x01, 0x01, 0x00, 0x00, 0x69, 0x6f, 0x6d, 0x61, 0x6e, 0x78, 0x00, 0x00, 
	0x08, 0x00, 0xe0, 0x03, 0x14, 0x00, 0x00, 0x24, 0x08, 0x00, 0xe0, 0x03, 0x15, 0x00, 0x00, 0x24, 
	0x00, 0x00, 0x00, 0x00, 0x00, 0x00, 0x00, 0x00, 0x00, 0x00, 0xe0, 0x41, 0x00, 0x00, 0x00, 0x00, 
	0x02, 0x01, 0x00, 0x00, 0x69, 0x6e, 0x74, 0x72, 0x6d, 0x61, 0x6e, 0x00, 0x08, 0x00, 0xe0, 0x03, 
	0x06, 0x00, 0x00, 0x24, 0x08, 0x00, 0xe0, 0x03, 0x03, 0x00, 0x00, 0x24, 0x08, 0x00, 0xe0, 0x03, 
	0x11, 0x00, 0x00, 0x24, 0x08, 0x00, 0xe0, 0x03, 0x12, 0x00, 0x00, 0x24, 0x00, 0x00, 0x00, 0x00, 
	0x00, 0x00, 0x00, 0x00, 0x00, 0x00, 0xe0, 0x41, 0x00, 0x00, 0x00, 0x00, 0x01, 0x01, 0x00, 0x00, 
	0x6c, 0x6f, 0x61, 0x64, 0x63, 0x6f, 0x72, 0x65, 0x08, 0x00, 0xe0, 0x03, 0x03, 0x00, 0x00, 0x24, 
	0x08, 0x00, 0xe0, 0x03, 0x06, 0x00, 0x00, 0x24, 0x00, 0x00, 0x00, 0x00, 0x00, 0x00, 0x00, 0x00, 
	0x00, 0x00, 0xe0, 0x41, 0x00, 0x00, 0x00, 0x00, 0x02, 0x01, 0x00, 0x00, 0x73, 0x74, 0x64, 0x69, 
	0x6f, 0x00, 0x00, 0x00, 0x08, 0x00, 0xe0, 0x03, 0x04, 0x00, 0x00, 0x24, 0x00, 0x00, 0x00, 0x00, 
	0x00, 0x00, 0x00, 0x00, 0x00, 0x00, 0xe0, 0x41, 0x00, 0x00, 0x00, 0x00, 0x01, 0x01, 0x00, 0x00, 
	0x73, 0x79, 0x73, 0x63, 0x6c, 0x69, 0x62, 0x00, 0x08, 0x00, 0xe0, 0x03, 0x0e, 0x00, 0x00, 0x24, 
	0x08, 0x00, 0xe0, 0x03, 0x1b, 0x00, 0x00, 0x24, 0x08, 0x00, 0xe0, 0x03, 0x17, 0x00, 0x00, 0x24, 
	0x08, 0x00, 0xe0, 0x03, 0x16, 0x00, 0x00, 0x24, 0x00, 0x00, 0x00, 0x00, 0x00, 0x00, 0x00, 0x00, 
	0x00, 0x00, 0xe0, 0x41, 0x00, 0x00, 0x00, 0x00, 0x01, 0x01, 0x00, 0x00, 0x74, 0x68, 0x62, 0x61, 
	0x73, 0x65, 0x00, 0x00, 0x08, 0x00, 0xe0, 0x03, 0x23, 0x00, 0x00, 0x24, 0x08, 0x00, 0xe0, 0x03, 
	0x25, 0x00, 0x00, 0x24, 0x00, 0x00, 0x00, 0x00, 0x00, 0x00, 0x00, 0x00, 0x00, 0x00, 0xe0, 0x41, 
	0x00, 0x00, 0x00, 0x00, 0x01, 0x01, 0x00, 0x00, 0x74, 0x68, 0x65, 0x76, 0x65, 0x6e, 0x74, 0x00, 
	0x08, 0x00, 0xe0, 0x03, 0x04, 0x00, 0x00, 0x24, 0x08, 0x00, 0xe0, 0x03, 0x05, 0x00, 0x00, 0x24, 
	0x08, 0x00, 0xe0, 0x03, 0x07, 0x00, 0x00, 0x24, 0x08, 0x00, 0xe0, 0x03, 0x08, 0x00, 0x00, 0x24, 
	0x08, 0x00, 0xe0, 0x03, 0x0a, 0x00, 0x00, 0x24, 0x00, 0x00, 0x00, 0x00, 0x00, 0x00, 0x00, 0x00, 
	0x00, 0x00, 0xe0, 0x41, 0x00, 0x00, 0x00, 0x00, 0x02, 0x01, 0x00, 0x00, 0x74, 0x68, 0x73, 0x65, 
	0x6d, 0x61, 0x70, 0x00, 0x08, 0x00, 0xe0, 0x03, 0x04, 0x00, 0x00, 0x24, 0x08, 0x00, 0xe0, 0x03, 
	0x08, 0x00, 0x00, 0x24, 0x08, 0x00, 0xe0, 0x03, 0x06, 0x00, 0x00, 0x24, 0x08, 0x00, 0xe0, 0x03, 
	0x05, 0x00, 0x00, 0x24, 0x00, 0x00, 0x00, 0x00, 0x00, 0x00, 0x00, 0x00, 0x00, 0x00, 0x00, 0x00, 
	0xe0, 0xff, 0xbd, 0x27, 0x18, 0x00, 0xb1, 0xaf, 0x14, 0x00, 0xb0, 0xaf, 0x1c, 0x00, 0xbf, 0xaf, 
	0x3d, 0xf6, 0x11, 0x04, 0x06, 0x00, 0x10, 0x24, 0xff, 0xff, 0x11, 0x24, 0x78, 0xf8, 0x11, 0x04, 
	0x00, 0x00, 0x00, 0x00, 0x07, 0x00, 0x51, 0x10, 0xff, 0xff, 0x10, 0x26, 0x01, 0x00, 0x10, 0x26, 
	0x1c, 0x00, 0xbf, 0x8f, 0x18, 0x00, 0xb1, 0x8f, 0x14, 0x00, 0xb0, 0x8f, 0x96, 0xf9, 0x00, 0x10, 
	0x20, 0x00, 0xbd, 0x27, 0xf5, 0xff, 0x00, 0x16, 0x00, 0x00, 0x00, 0x00, 0x1c, 0x00, 0xbf, 0x8f, 
	0x18, 0x00, 0xb1, 0x8f, 0x14, 0x00, 0xb0, 0x8f, 0x08, 0x00, 0xe0, 0x03, 0x20, 0x00, 0xbd, 0x27, 
	0xe0, 0xff, 0xbd, 0x27, 0x01, 0x00, 0x06, 0x24, 0x02, 0x00, 0x05, 0x24, 0x00, 0x00, 0x04, 0x3c, 
	0x00, 0x32, 0x84, 0x24, 0x1c, 0x00, 0xbf, 0xaf, 0x18, 0x00, 0xb1, 0xaf, 0x14, 0x00, 0xb0, 0xaf, 
	0xa0, 0xff, 0x11, 0x04, 0x25, 0x88, 0xe0, 0x00, 0xa4, 0xf5, 0x11, 0x04, 0x01, 0x00, 0x10, 0x24, 
	0x10, 0x00, 0x40, 0x14, 0x02, 0x00, 0x04, 0x24, 0xd9, 0xff, 0x11, 0x04, 0x25, 0x80, 0x40, 0x00, 
	0xd7, 0xff, 0x11, 0x04, 0x03, 0x00, 0x04, 0x24, 0x43, 0xff, 0x11, 0x04, 0x00, 0x00, 0x00, 0x00, 
	0x08, 0x00, 0x20, 0x12, 0x00, 0x00, 0x00, 0x00, 0x0a, 0x00, 0x22, 0x96, 0x00, 0x00, 0x00, 0x00, 
	0x02, 0x00, 0x43, 0x30, 0x03, 0x00, 0x60, 0x10, 0x00, 0x00, 0x00, 0x00, 0x10, 0x00, 0x42, 0x34, 
	0x0a, 0x00, 0x22, 0xa6, 0x1c, 0x00, 0xbf, 0x8f, 0x18, 0x00, 0xb1, 0x8f, 0x25, 0x10, 0x00, 0x02, 
	0x14, 0x00, 0xb0, 0x8f, 0x08, 0x00, 0xe0, 0x03, 0x20, 0x00, 0xbd, 0x27, 0xe8, 0xff, 0xbd, 0x27, 
	0x14, 0x00, 0xbf, 0xaf, 0x3d, 0xff, 0x11, 0x04, 0x00, 0x00, 0x00, 0x00, 0xcc, 0xf5, 0x11, 0x04, 
	0x00, 0x00, 0x00, 0x00, 0x14, 0x00, 0xbf, 0x8f, 0x01, 0x00, 0x02, 0x24, 0x08, 0x00, 0xe0, 0x03, 
	0x18, 0x00, 0xbd, 0x27, 0x03, 0x00, 0x80, 0x04, 0x00, 0x00, 0x00, 0x00, 0xd0, 0xff, 0x00, 0x10, 
	0x00, 0x00, 0x00, 0x00, 0xe8, 0xff, 0xbd, 0x27, 0x14, 0x00, 0xbf, 0xaf, 0x2f, 0xff, 0x11, 0x04, 
	0x00, 0x00, 0x00, 0x00, 0xbe, 0xf5, 0x11, 0x04, 0x00, 0x00, 0x00, 0x00, 0x14, 0x00, 0xbf, 0x8f, 
	0x01, 0x00, 0x02, 0x24, 0x08, 0x00, 0xe0, 0x03, 0x18, 0x00, 0xbd, 0x27, 0x00, 0x00, 0x00, 0x00, 
	0xe8, 0x18, 0x00, 0x00, 0xfc, 0x18, 0x00, 0x00, 0x10, 0x19, 0x00, 0x00, 0x24, 0x19, 0x00, 0x00, 
	0x48, 0x19, 0x00, 0x00, 0x5c, 0x19, 0x00, 0x00, 0x78, 0x19, 0x00, 0x00, 0x90, 0x19, 0x00, 0x00, 
	0xa8, 0x19, 0x00, 0x00, 0xbc, 0x19, 0x00, 0x00, 0x24, 0x1a, 0x00, 0x00, 0x48, 0x1a, 0x00, 0x00, 
	0x73, 0x69, 0x6f, 0x32, 0x6d, 0x61, 0x6e, 0x00, 0x6c, 0x6f, 0x61, 0x64, 0x63, 0x6f, 0x72, 0x65, 
	0x00, 0x00, 0x00, 0x00, 0x69, 0x6e, 0x74, 0x72, 0x6d, 0x61, 0x6e, 0x00, 0x00, 0x00, 0x00, 0x00, 
	0x6d, 0x6d, 0x63, 0x65, 0x00, 0x00, 0x00, 0x00, 0x46, 0x69, 0x6c, 0x65, 0x73, 0x79, 0x73, 0x74, 
	0x65, 0x6d, 0x20, 0x61, 0x63, 0x63, 0x65, 0x73, 0x73, 0x20, 0x6d, 0x6d, 0x63, 0x65, 0x00, 0x00, 
	0x4d, 0x75, 0x6c, 0x74, 0x69, 0x70, 0x75, 0x72, 0x70, 0x6f, 0x73, 0x65, 0x20, 0x4d, 0x65, 0x6d, 
	0x6f, 0x72, 0x79, 0x20, 0x43, 0x61, 0x72, 0x64, 0x20, 0x45, 0x6d, 0x75, 0x6c, 0x61, 0x74, 0x6f, 
	0x72, 0x20, 0x4d, 0x61, 0x6e, 0x61, 0x67, 0x65, 0x72, 0x20, 0x28, 0x4d, 0x4d, 0x43, 0x45, 0x4d, 
	0x41, 0x4e, 0x29, 0x20, 0x76, 0x25, 0x64, 0x2e, 0x25, 0x64, 0x20, 0x62, 0x79, 0x20, 0x74, 0x68, 
	0x65, 0x20, 0x4d, 0x4d, 0x43, 0x45, 0x20, 0x74, 0x65, 0x61, 0x6d, 0x0a, 0x00, 0x00, 0x00, 0x00, 
	0x6d, 0x6d, 0x63, 0x65, 0x6d, 0x61, 0x6e, 0x00, 0x55, 0x6e, 0x6b, 0x6e, 0x6f, 0x77, 0x6e, 0x00, 
	0x53, 0x44, 0x32, 0x50, 0x53, 0x58, 0x00, 0x00, 0x4d, 0x65, 0x6d, 0x43, 0x61, 0x72, 0x64, 0x20, 
	0x50, 0x52, 0x4f, 0x32, 0x00, 0x00, 0x00, 0x00, 0x50, 0x69, 0x63, 0x6f, 0x4d, 0x65, 0x6d, 0x63, 
	0x61, 0x72, 0x64, 0x2b, 0x00, 0x00, 0x00, 0x00, 0x50, 0x69, 0x63, 0x6f, 0x4d, 0x65, 0x6d, 0x63, 
	0x61, 0x72, 0x64, 0x5a, 0x65, 0x72, 0x6f, 0x00, 0x00, 0x00, 0x00, 0x00, 0x00, 0x00, 0x00, 0x00, 
	0x01, 0x00, 0x00, 0x00, 0xff, 0xff, 0xff, 0xff, 0x00, 0x00, 0x00, 0x00, 0x00, 0x00, 0x00, 0x00, 
	0xe0, 0x31, 0x00, 0x00, 0x10, 0x00, 0x00, 0x10, 0x01, 0x00, 0x00, 0x00, 0xe8, 0x31, 0x00, 0x00, 
	0xc4, 0x32, 0x00, 0x00, 0x28, 0x18, 0x00, 0x00, 0xf8, 0x17, 0x00, 0x00, 0xf0, 0x17, 0x00, 0x00, 
	0x04, 0x2b, 0x00, 0x00, 0x20, 0x2a, 0x00, 0x00, 0xa8, 0x1b, 0x00, 0x00, 0x64, 0x1a, 0x00, 0x00, 
	0x28, 0x29, 0x00, 0x00, 0x00, 0x18, 0x00, 0x00, 0x2c, 0x28, 0x00, 0x00, 0x30, 0x27, 0x00, 0x00, 
	0x34, 0x26, 0x00, 0x00, 0x98, 0x2c, 0x00, 0x00, 0x78, 0x25, 0x00, 0x00, 0x78, 0x22, 0x00, 0x00, 
	0x7c, 0x1f, 0x00, 0x00, 0xf0, 0x17, 0x00, 0x00, 0x40, 0x1e, 0x00, 0x00, 0xf0, 0x17, 0x00, 0x00, 
	0xf0, 0x17, 0x00, 0x00, 0xf0, 0x17, 0x00, 0x00, 0xf0, 0x17, 0x00, 0x00, 0xfc, 0x1c, 0x00, 0x00, 
	0x8c, 0x18, 0x00, 0x00, 0xf0, 0x17, 0x00, 0x00, 0xf0, 0x17, 0x00, 0x00, 0x08, 0x18, 0x00, 0x00, 
	0xff, 0xff, 0xff, 0xff, 0x00, 0x00, 0x00, 0x00, 0x00, 0x00, 0x00, 0x00, 0x00, 0x00, 0x00, 0x00, 
	0x50, 0x32, 0x00, 0x00, 0x01, 0x02, 0x00, 0x00, 0x58, 0x32, 0x00, 0x00, 0x60, 0x32, 0x00, 0x00, 
	0x68, 0x32, 0x00, 0x00, 0x78, 0x32, 0x00, 0x00, 0x88, 0x32, 0x00, 0x00, 0x00, 0x2e, 0x69, 0x6f, 
	0x70, 0x6d, 0x6f, 0x64, 0x00, 0x2e, 0x74, 0x65, 0x78, 0x74, 0x00, 0x2e, 0x72, 0x65, 0x6c, 0x2e, 
	0x74, 0x65, 0x78, 0x74, 0x00, 0x2e, 0x72, 0x6f, 0x64, 0x61, 0x74, 0x61, 0x00, 0x2e, 0x72, 0x65, 
	0x6c, 0x2e, 0x72, 0x6f, 0x64, 0x61, 0x74, 0x61, 0x00, 0x2e, 0x64, 0x61, 0x74, 0x61, 0x00, 0x2e, 
	0x72, 0x65, 0x6c, 0x2e, 0x64, 0x61, 0x74, 0x61, 0x00, 0x2e, 0x62, 0x73, 0x73, 0x00, 0x2e, 0x73, 
	0x68, 0x73, 0x74, 0x72, 0x74, 0x61, 0x62, 0x00, 0x2e, 0x73, 0x79, 0x6d, 0x74, 0x61, 0x62, 0x00, 
	0x2e, 0x73, 0x74, 0x72, 0x74, 0x61, 0x62, 0x00, 0x00, 0x00, 0x00, 0x00, 0x00, 0x00, 0x00, 0x00, 
	0x00, 0x00, 0x00, 0x00, 0x00, 0x00, 0x00, 0x00, 0x00, 0x00, 0x00, 0x00, 0x00, 0x00, 0x00, 0x00, 
	0x00, 0x00, 0x00, 0x00, 0x00, 0x00, 0x00, 0x00, 0x00, 0x00, 0x00, 0x00, 0x00, 0x00, 0x00, 0x00, 
	0x01, 0x00, 0x00, 0x00, 0x80, 0x00, 0x00, 0x70, 0x00, 0x00, 0x00, 0x00, 0x00, 0x00, 0x00, 0x00, 
	0x74, 0x00, 0x00, 0x00, 0x1b, 0x00, 0x00, 0x00, 0x00, 0x00, 0x00, 0x00, 0x00, 0x00, 0x00, 0x00, 
	0x04, 0x00, 0x00, 0x00, 0x00, 0x00, 0x00, 0x00, 0x09, 0x00, 0x00, 0x00, 0x01, 0x00, 0x00, 0x00, 
	0x06, 0x00, 0x00, 0x00, 0x00, 0x00, 0x00, 0x00, 0x90, 0x00, 0x00, 0x00, 0x8c, 0x31, 0x00, 0x00, 
	0x00, 0x00, 0x00, 0x00, 0x00, 0x00, 0x00, 0x00, 0x10, 0x00, 0x00, 0x00, 0x00, 0x00, 0x00, 0x00, 
	0x0f, 0x00, 0x00, 0x00, 0x09, 0x00, 0x00, 0x00, 0x40, 0x00, 0x00, 0x00, 0x00, 0x00, 0x00, 0x00, 
	0x28, 0x36, 0x00, 0x00, 0xa0, 0x09, 0x00, 0x00, 0x0a, 0x00, 0x00, 0x00, 0x02, 0x00, 0x00, 0x00, 
	0x04, 0x00, 0x00, 0x00, 0x08, 0x00, 0x00, 0x00, 0x19, 0x00, 0x00, 0x00, 0x01, 0x00, 0x00, 0x00, 
	0x02, 0x00, 0x00, 0x00, 0x90, 0x31, 0x00, 0x00, 0x20, 0x32, 0x00, 0x00, 0x08, 0x01, 0x00, 0x00, 
	0x00, 0x00, 0x00, 0x00, 0x00, 0x00, 0x00, 0x00, 0x10, 0x00, 0x00, 0x00, 0x00, 0x00, 0x00, 0x00, 
	0x21, 0x00, 0x00, 0x00, 0x09, 0x00, 0x00, 0x00, 0x40, 0x00, 0x00, 0x00, 0x00, 0x00, 0x00, 0x00, 
	0xc8, 0x3f, 0x00, 0x00, 0x60, 0x00, 0x00, 0x00, 0x0a, 0x00, 0x00, 0x00, 0x04, 0x00, 0x00, 0x00, 
	0x04, 0x00, 0x00, 0x00, 0x08, 0x00, 0x00, 0x00, 0x2d, 0x00, 0x00, 0x00, 0x01, 0x00, 0x00, 0x00, 
	0x03, 0x00, 0x00, 0x00, 0xa0, 0x32, 0x00, 0x00, 0x30, 0x33, 0x00, 0x00, 0xbc, 0x00, 0x00, 0x00, 
	0x00, 0x00, 0x00, 0x00, 0x00, 0x00, 0x00, 0x00, 0x10, 0x00, 0x00, 0x00, 0x00, 0x00, 0x00, 0x00, 
	0x33, 0x00, 0x00, 0x00, 0x09, 0x00, 0x00, 0x00, 0x40, 0x00, 0x00, 0x00, 0x00, 0x00, 0x00, 0x00, 
	0x28, 0x40, 0x00, 0x00, 0x20, 0x01, 0x00, 0x00, 0x0a, 0x00, 0x00, 0x00, 0x06, 0x00, 0x00, 0x00, 
	0x04, 0x00, 0x00, 0x00, 0x08, 0x00, 0x00, 0x00, 0x3d, 0x00, 0x00, 0x00, 0x08, 0x00, 0x00, 0x00, 
	0x03, 0x00, 0x00, 0x00, 0x60, 0x33, 0x00, 0x00, 0xec, 0x33, 0x00, 0x00, 0xa0, 0x00, 0x00, 0x00, 
	0x00, 0x00, 0x00, 0x00, 0x00, 0x00, 0x00, 0x00, 0x10, 0x00, 0x00, 0x00, 0x00, 0x00, 0x00, 0x00, 
	0x42, 0x00, 0x00, 0x00, 0x03, 0x00, 0x00, 0x00, 0x00, 0x00, 0x00, 0x00, 0x00, 0x00, 0x00, 0x00, 
	0xec, 0x33, 0x00, 0x00, 0x5c, 0x00, 0x00, 0x00, 0x00, 0x00, 0x00, 0x00, 0x00, 0x00, 0x00, 0x00, 
	0x01, 0x00, 0x00, 0x00, 0x00, 0x00, 0x00, 0x00, 0x4c, 0x00, 0x00, 0x00, 0x02, 0x00, 0x00, 0x00, 
	0x00, 0x00, 0x00, 0x00, 0x00, 0x00, 0x00, 0x00, 0x48, 0x41, 0x00, 0x00, 0x10, 0x00, 0x00, 0x00, 
	0x0b, 0x00, 0x00, 0x00, 0x01, 0x00, 0x00, 0x00, 0x04, 0x00, 0x00, 0x00, 0x10, 0x00, 0x00, 0x00, 
	0x54, 0x00, 0x00, 0x00, 0x03, 0x00, 0x00, 0x00, 0x00, 0x00, 0x00, 0x00, 0x00, 0x00, 0x00, 0x00, 
	0x58, 0x41, 0x00, 0x00, 0x01, 0x00, 0x00, 0x00, 0x00, 0x00, 0x00, 0x00, 0x00, 0x00, 0x00, 0x00, 
	0x01, 0x00, 0x00, 0x00, 0x00, 0x00, 0x00, 0x00, 0x34, 0x02, 0x00, 0x00, 0x05, 0x00, 0x00, 0x00, 
	0x38, 0x02, 0x00, 0x00, 0x06, 0x00, 0x00, 0x00, 0x48, 0x02, 0x00, 0x00, 0x05, 0x00, 0x00, 0x00, 
	0x4c, 0x02, 0x00, 0x00, 0x06, 0x00, 0x00, 0x00, 0x64, 0x02, 0x00, 0x00, 0x05, 0x00, 0x00, 0x00, 
	0x68, 0x02, 0x00, 0x00, 0x06, 0x00, 0x00, 0x00, 0x98, 0x02, 0x00, 0x00, 0x05, 0x00, 0x00, 0x00, 
	0x9c, 0x02, 0x00, 0x00, 0x06, 0x00, 0x00, 0x00, 0xac, 0x02, 0x00, 0x00, 0x05, 0x00, 0x00, 0x00, 
	0xb0, 0x02, 0x00, 0x00, 0x06, 0x00, 0x00, 0x00, 0xc8, 0x02, 0x00, 0x00, 0x05, 0x00, 0x00, 0x00, 
	0xcc, 0x02, 0x00, 0x00, 0x06, 0x00, 0x00, 0x00, 0x0c, 0x03, 0x00, 0x00, 0x05, 0x00, 0x00, 0x00, 
	0x10, 0x03, 0x00, 0x00, 0x06, 0x00, 0x00, 0x00, 0xc0, 0x03, 0x00, 0x00, 0x05, 0x00, 0x00, 0x00, 
	0xc4, 0x03, 0x00, 0x00, 0x06, 0x00, 0x00, 0x00, 0x00, 0x04, 0x00, 0x00, 0x05, 0x00, 0x00, 0x00, 
	0x04, 0x04, 0x00, 0x00, 0x06, 0x00, 0x00, 0x00, 0x38, 0x04, 0x00, 0x00, 0x05, 0x00, 0x00, 0x00, 
	0x3c, 0x04, 0x00, 0x00, 0x06, 0x00, 0x00, 0x00, 0x50, 0x04, 0x00, 0x00, 0x05, 0x00, 0x00, 0x00, 
	0x54, 0x04, 0x00, 0x00, 0x06, 0x00, 0x00, 0x00, 0x58, 0x04, 0x00, 0x00, 0x05, 0x00, 0x00, 0x00, 
	0x60, 0x04, 0x00, 0x00, 0x06, 0x00, 0x00, 0x00, 0x84, 0x04, 0x00, 0x00, 0x05, 0x00, 0x00, 0x00, 
	0x88, 0x04, 0x00, 0x00, 0x06, 0x00, 0x00, 0x00, 0xa8, 0x04, 0x00, 0x00, 0x05, 0x00, 0x00, 0x00, 
	0xac, 0x04, 0x00, 0x00, 0x06, 0x00, 0x00, 0x00, 0x00, 0x05, 0x00, 0x00, 0x05, 0x00, 0x00, 0x00, 
	0x04, 0x05, 0x00, 0x00, 0x06, 0x00, 0x00, 0x00, 0x08, 0x05, 0x00, 0x00, 0x05, 0x00, 0x00, 0x00, 
	0x0c, 0x05, 0x00, 0x00, 0x06, 0x00, 0x00, 0x00, 0x10, 0x05, 0x00, 0x00, 0x05, 0x00, 0x00, 0x00, 
	0x14, 0x05, 0x00, 0x00, 0x06, 0x00, 0x00, 0x00, 0x18, 0x05, 0x00, 0x00, 0x05, 0x00, 0x00, 0x00, 
	0x1c, 0x05, 0x00, 0x00, 0x06, 0x00, 0x00, 0x00, 0x30, 0x05, 0x00, 0x00, 0x05, 0x00, 0x00, 0x00, 
	0x34, 0x05, 0x00, 0x00, 0x06, 0x00, 0x00, 0x00, 0x38, 0x05, 0x00, 0x00, 0x05, 0x00, 0x00, 0x00, 
	0x3c, 0x05, 0x00, 0x00, 0x06, 0x00, 0x00, 0x00, 0x40, 0x05, 0x00, 0x00, 0x05, 0x00, 0x00, 0x00, 
	0x48, 0x05, 0x00, 0x00, 0x06, 0x00, 0x00, 0x00, 0x4c, 0x05, 0x00, 0x00, 0x05, 0x00, 0x00, 0x00, 
	0x50, 0x05, 0x00, 0x00, 0x06, 0x00, 0x00, 0x00, 0x54, 0x05, 0x00, 0x00, 0x05, 0x00, 0x00, 0x00, 
	0x58, 0x05, 0x00, 0x00, 0x06, 0x00, 0x00, 0x00, 0x5c, 0x05, 0x00, 0x00, 0x05, 0x00, 0x00, 0x00, 
	0x64, 0x05, 0x00, 0x00, 0x06, 0x00, 0x00, 0x00, 0x68, 0x05, 0x00, 0x00, 0x05, 0x00, 0x00, 0x00, 
	0x6c, 0x05, 0x00, 0x00, 0x06, 0x00, 0x00, 0x00, 0x7c, 0x05, 0x00, 0x00, 0x05, 0x00, 0x00, 0x00, 
	0x80, 0x05, 0x00, 0x00, 0x06, 0x00, 0x00, 0x00, 0x90, 0x05, 0x00, 0x00, 0x05, 0x00, 0x00, 0x00, 
	0x94, 0x05, 0x00, 0x00, 0x06, 0x00, 0x00, 0x00, 0xa0, 0x05, 0x00, 0x00, 0x05, 0x00, 0x00, 0x00, 
	0xa4, 0x05, 0x00, 0x00, 0x06, 0x00, 0x00, 0x00, 0xa8, 0x05, 0x00, 0x00, 0x05, 0x00, 0x00, 0x00, 
	0xb0, 0x05, 0x00, 0x00, 0x06, 0x00, 0x00, 0x00, 0xb4, 0x05, 0x00, 0x00, 0x05, 0x00, 0x00, 0x00, 
	0xb8, 0x05, 0x00, 0x00, 0x06, 0x00, 0x00, 0x00, 0xbc, 0x05, 0x00, 0x00, 0x05, 0x00, 0x00, 0x00, 
	0xc0, 0x05, 0x00, 0x00, 0x06, 0x00, 0x00, 0x00, 0xcc, 0x05, 0x00, 0x00, 0x05, 0x00, 0x00, 0x00, 
	0xd0, 0x05, 0x00, 0x00, 0x06, 0x00, 0x00, 0x00, 0xd4, 0x05, 0x00, 0x00, 0x05, 0x00, 0x00, 0x00, 
	0xdc, 0x05, 0x00, 0x00, 0x06, 0x00, 0x00, 0x00, 0xf4, 0x05, 0x00, 0x00, 0x05, 0x00, 0x00, 0x00, 
	0xf8, 0x05, 0x00, 0x00, 0x06, 0x00, 0x00, 0x00, 0x0c, 0x06, 0x00, 0x00, 0x05, 0x00, 0x00, 0x00, 
	0x10, 0x06, 0x00, 0x00, 0x06, 0x00, 0x00, 0x00, 0x24, 0x06, 0x00, 0x00, 0x05, 0x00, 0x00, 0x00, 
	0x28, 0x06, 0x00, 0x00, 0x06, 0x00, 0x00, 0x00, 0x40, 0x06, 0x00, 0x00, 0x05, 0x00, 0x00, 0x00, 
	0x44, 0x06, 0x00, 0x00, 0x06, 0x00, 0x00, 0x00, 0x64, 0x06, 0x00, 0x00, 0x05, 0x00, 0x00, 0x00, 
	0x68, 0x06, 0x00, 0x00, 0x06, 0x00, 0x00, 0x00, 0xbc, 0x06, 0x00, 0x00, 0x05, 0x00, 0x00, 0x00, 
	0xc0, 0x06, 0x00, 0x00, 0x06, 0x00, 0x00, 0x00, 0xd0, 0x06, 0x00, 0x00, 0x05, 0x00, 0x00, 0x00, 
	0xd4, 0x06, 0x00, 0x00, 0x06, 0x00, 0x00, 0x00, 0x8c, 0x07, 0x00, 0x00, 0x05, 0x00, 0x00, 0x00, 
	0x90, 0x07, 0x00, 0x00, 0x06, 0x00, 0x00, 0x00, 0xb8, 0x07, 0x00, 0x00, 0x05, 0x00, 0x00, 0x00, 
	0xbc, 0x07, 0x00, 0x00, 0x06, 0x00, 0x00, 0x00, 0xc0, 0x07, 0x00, 0x00, 0x05, 0x00, 0x00, 0x00, 
	0xc4, 0x07, 0x00, 0x00, 0x06, 0x00, 0x00, 0x00, 0xc8, 0x07, 0x00, 0x00, 0x05, 0x00, 0x00, 0x00, 
	0xcc, 0x07, 0x00, 0x00, 0x06, 0x00, 0x00, 0x00, 0xd0, 0x07, 0x00, 0x00, 0x05, 0x00, 0x00, 0x00, 
	0xd4, 0x07, 0x00, 0x00, 0x06, 0x00, 0x00, 0x00, 0x0c, 0x08, 0x00, 0x00, 0x05, 0x00, 0x00, 0x00, 
	0x10, 0x08, 0x00, 0x00, 0x06, 0x00, 0x00, 0x00, 0x1c, 0x08, 0x00, 0x00, 0x05, 0x00, 0x00, 0x00, 
	0x20, 0x08, 0x00, 0x00, 0x06, 0x00, 0x00, 0x00, 0x28, 0x08, 0x00, 0x00, 0x05, 0x00, 0x00, 0x00, 
	0x2c, 0x08, 0x00, 0x00, 0x06, 0x00, 0x00, 0x00, 0x38, 0x08, 0x00, 0x00, 0x05, 0x00, 0x00, 0x00, 
	0x3c, 0x08, 0x00, 0x00, 0x06, 0x00, 0x00, 0x00, 0x48, 0x08, 0x00, 0x00, 0x05, 0x00, 0x00, 0x00, 
	0x4c, 0x08, 0x00, 0x00, 0x06, 0x00, 0x00, 0x00, 0x50, 0x08, 0x00, 0x00, 0x05, 0x00, 0x00, 0x00, 
	0x54, 0x08, 0x00, 0x00, 0x06, 0x00, 0x00, 0x00, 0x58, 0x08, 0x00, 0x00, 0x05, 0x00, 0x00, 0x00, 
	0x5c, 0x08, 0x00, 0x00, 0x06, 0x00, 0x00, 0x00, 0x60, 0x08, 0x00, 0x00, 0x05, 0x00, 0x00, 0x00, 
	0x64, 0x08, 0x00, 0x00, 0x06, 0x00, 0x00, 0x00, 0x84, 0x08, 0x00, 0x00, 0x05, 0x00, 0x00, 0x00, 
	0x88, 0x08, 0x00, 0x00, 0x06, 0x00, 0x00, 0x00, 0xb0, 0x08, 0x00, 0x00, 0x05, 0x00, 0x00, 0x00, 
	0xb4, 0x08, 0x00, 0x00, 0x06, 0x00, 0x00, 0x00, 0xb8, 0x08, 0x00, 0x00, 0x05, 0x00, 0x00, 0x00, 
	0xbc, 0x08, 0x00, 0x00, 0x06, 0x00, 0x00, 0x00, 0xc0, 0x08, 0x00, 0x00, 0x05, 0x00, 0x00, 0x00, 
	0xc8, 0x08, 0x00, 0x00, 0x06, 0x00, 0x00, 0x00, 0xcc, 0x08, 0x00, 0x00, 0x05, 0x00, 0x00, 0x00, 
	0xd0, 0x08, 0x00, 0x00, 0x06, 0x00, 0x00, 0x00, 0xdc, 0x08, 0x00, 0x00, 0x05, 0x00, 0x00, 0x00, 
	0xe0, 0x08, 0x00, 0x00, 0x06, 0x00, 0x00, 0x00, 0xf4, 0x08, 0x00, 0x00, 0x05, 0x00, 0x00, 0x00, 
	0xf8, 0x08, 0x00, 0x00, 0x06, 0x00, 0x00, 0x00, 0x24, 0x09, 0x00, 0x00, 0x05, 0x00, 0x00, 0x00, 
	0x28, 0x09, 0x00, 0x00, 0x06, 0x00, 0x00, 0x00, 0x48, 0x09, 0x00, 0x00, 0x05, 0x00, 0x00, 0x00, 
	0x50, 0x09, 0x00, 0x00, 0x06, 0x00, 0x00, 0x00, 0x54, 0x09, 0x00, 0x00, 0x05, 0x00, 0x00, 0x00, 
	0x58, 0x09, 0x00, 0x00, 0x06, 0x00, 0x00, 0x00, 0x74, 0x09, 0x00, 0x00, 0x05, 0x00, 0x00, 0x00, 
	0x7c, 0x09, 0x00, 0x00, 0x06, 0x00, 0x00, 0x00, 0x80, 0x09, 0x00, 0x00, 0x05, 0x00, 0x00, 0x00, 
	0x88, 0x09, 0x00, 0x00, 0x06, 0x00, 0x00, 0x00, 0xb0, 0x09, 0x00, 0x00, 0x05, 0x00, 0x00, 0x00, 
	0xb4, 0x09, 0x00, 0x00, 0x06, 0x00, 0x00, 0x00, 0xfc, 0x09, 0x00, 0x00, 0x05, 0x00, 0x00, 0x00, 
	0x00, 0x0a, 0x00, 0x00, 0x06, 0x00, 0x00, 0x00, 0x04, 0x0a, 0x00, 0x00, 0x05, 0x00, 0x00, 0x00, 
	0x08, 0x0a, 0x00, 0x00, 0x06, 0x00, 0x00, 0x00, 0x18, 0x0a, 0x00, 0x00, 0x05, 0x00, 0x00, 0x00, 
	0x1c, 0x0a, 0x00, 0x00, 0x06, 0x00, 0x00, 0x00, 0x44, 0x0a, 0x00, 0x00, 0x05, 0x00, 0x00, 0x00, 
	0x48, 0x0a, 0x00, 0x00, 0x06, 0x00, 0x00, 0x00, 0x8c, 0x0a, 0x00, 0x00, 0x05, 0x00, 0x00, 0x00, 
	0x90, 0x0a, 0x00, 0x00, 0x06, 0x00, 0x00, 0x00, 0x94, 0x0a, 0x00, 0x00, 0x05, 0x00, 0x00, 0x00, 
	0x98, 0x0a, 0x00, 0x00, 0x06, 0x00, 0x00, 0x00, 0xa4, 0x0a, 0x00, 0x00, 0x05, 0x00, 0x00, 0x00, 
	0xa8, 0x0a, 0x00, 0x00, 0x06, 0x00, 0x00, 0x00, 0xe8, 0x0a, 0x00, 0x00, 0x05, 0x00, 0x00, 0x00, 
	0xec, 0x0a, 0x00, 0x00, 0x06, 0x00, 0x00, 0x00, 0x9c, 0x0b, 0x00, 0x00, 0x05, 0x00, 0x00, 0x00, 
	0xa0, 0x0b, 0x00, 0x00, 0x06, 0x00, 0x00, 0x00, 0xb0, 0x0b, 0x00, 0x00, 0x05, 0x00, 0x00, 0x00, 
	0xb4, 0x0b, 0x00, 0x00, 0x06, 0x00, 0x00, 0x00, 0xb8, 0x0b, 0x00, 0x00, 0x05, 0x00, 0x00, 0x00, 
	0xbc, 0x0b, 0x00, 0x00, 0x06, 0x00, 0x00, 0x00, 0xc0, 0x0b, 0x00, 0x00, 0x05, 0x00, 0x00, 0x00, 
	0xc8, 0x0b, 0x00, 0x00, 0x06, 0x00, 0x00, 0x00, 0xcc, 0x0b, 0x00, 0x00, 0x05, 0x00, 0x00, 0x00, 
	0xd0, 0x0b, 0x00, 0x00, 0x06, 0x00, 0x00, 0x00, 0x00, 0x0c, 0x00, 0x00, 0x05, 0x00, 0x00, 0x00, 
	0x04, 0x0c, 0x00, 0x00, 0x06, 0x00, 0x00, 0x00, 0x40, 0x0c, 0x00, 0x00, 0x05, 0x00, 0x00, 0x00, 
	0x44, 0x0c, 0x00, 0x00, 0x06, 0x00, 0x00, 0x00, 0x54, 0x0c, 0x00, 0x00, 0x05, 0x00, 0x00, 0x00, 
	0x58, 0x0c, 0x00, 0x00, 0x06, 0x00, 0x00, 0x00, 0x5c, 0x0c, 0x00, 0x00, 0x05, 0x00, 0x00, 0x00, 
	0x64, 0x0c, 0x00, 0x00, 0x06, 0x00, 0x00, 0x00, 0x68, 0x0c, 0x00, 0x00, 0x05, 0x00, 0x00, 0x00, 
	0x6c, 0x0c, 0x00, 0x00, 0x06, 0x00, 0x00, 0x00, 0x84, 0x0c, 0x00, 0x00, 0x05, 0x00, 0x00, 0x00, 
	0x88, 0x0c, 0x00, 0x00, 0x06, 0x00, 0x00, 0x00, 0xc4, 0x0d, 0x00, 0x00, 0x05, 0x00, 0x00, 0x00, 
	0xc8, 0x0d, 0x00, 0x00, 0x06, 0x00, 0x00, 0x00, 0xd8, 0x0d, 0x00, 0x00, 0x05, 0x00, 0x00, 0x00, 
	0xdc, 0x0d, 0x00, 0x00, 0x06, 0x00, 0x00, 0x00, 0xe0, 0x0d, 0x00, 0x00, 0x05, 0x00, 0x00, 0x00, 
	0xe4, 0x0d, 0x00, 0x00, 0x06, 0x00, 0x00, 0x00, 0xe8, 0x0d, 0x00, 0x00, 0x05, 0x00, 0x00, 0x00, 
	0xf0, 0x0d, 0x00, 0x00, 0x06, 0x00, 0x00, 0x00, 0xf4, 0x0d, 0x00, 0x00, 0x05, 0x00, 0x00, 0x00, 
	0xf8, 0x0d, 0x00, 0x00, 0x06, 0x00, 0x00, 0x00, 0x28, 0x0e, 0x00, 0x00, 0x05, 0x00, 0x00, 0x00, 
	0x2c, 0x0e, 0x00, 0x00, 0x06, 0x00, 0x00, 0x00, 0x8c, 0x0e, 0x00, 0x00, 0x05, 0x00, 0x00, 0x00, 
	0x90, 0x0e, 0x00, 0x00, 0x06, 0x00, 0x00, 0x00, 0xa0, 0x0e, 0x00, 0x00, 0x05, 0x00, 0x00, 0x00, 
	0xa4, 0x0e, 0x00, 0x00, 0x06, 0x00, 0x00, 0x00, 0xa8, 0x0e, 0x00, 0x00, 0x05, 0x00, 0x00, 0x00, 
	0xb0, 0x0e, 0x00, 0x00, 0x06, 0x00, 0x00, 0x00, 0xb4, 0x0e, 0x00, 0x00, 0x05, 0x00, 0x00, 0x00, 
	0xb8, 0x0e, 0x00, 0x00, 0x06, 0x00, 0x00, 0x00, 0xd4, 0x0e, 0x00, 0x00, 0x05, 0x00, 0x00, 0x00, 
	0xd8, 0x0e, 0x00, 0x00, 0x06, 0x00, 0x00, 0x00, 0x48, 0x0f, 0x00, 0x00, 0x05, 0x00, 0x00, 0x00, 
	0x4c, 0x0f, 0x00, 0x00, 0x06, 0x00, 0x00, 0x00, 0xc8, 0x0f, 0x00, 0x00, 0x05, 0x00, 0x00, 0x00, 
	0xcc, 0x0f, 0x00, 0x00, 0x06, 0x00, 0x00, 0x00, 0xd0, 0x0f, 0x00, 0x00, 0x05, 0x00, 0x00, 0x00, 
	0xd4, 0x0f, 0x00, 0x00, 0x06, 0x00, 0x00, 0x00, 0xd8, 0x0f, 0x00, 0x00, 0x05, 0x00, 0x00, 0x00, 
	0xdc, 0x0f, 0x00, 0x00, 0x06, 0x00, 0x00, 0x00, 0xec, 0x0f, 0x00, 0x00, 0x05, 0x00, 0x00, 0x00, 
	0xf0, 0x0f, 0x00, 0x00, 0x06, 0x00, 0x00, 0x00, 0x1c, 0x10, 0x00, 0x00, 0x05, 0x00, 0x00, 0x00, 
	0x20, 0x10, 0x00, 0x00, 0x06, 0x00, 0x00, 0x00, 0x60, 0x10, 0x00, 0x00, 0x05, 0x00, 0x00, 0x00, 
	0x64, 0x10, 0x00, 0x00, 0x06, 0x00, 0x00, 0x00, 0x68, 0x10, 0x00, 0x00, 0x05, 0x00, 0x00, 0x00, 
	0x6c, 0x10, 0x00, 0x00, 0x06, 0x00, 0x00, 0x00, 0x78, 0x10, 0x00, 0x00, 0x05, 0x00, 0x00, 0x00, 
	0x7c, 0x10, 0x00, 0x00, 0x06, 0x00, 0x00, 0x00, 0xe4, 0x10, 0x00, 0x00, 0x05, 0x00, 0x00, 0x00, 
	0xe8, 0x10, 0x00, 0x00, 0x06, 0x00, 0x00, 0x00, 0xec, 0x10, 0x00, 0x00, 0x05, 0x00, 0x00, 0x00, 
	0xf0, 0x10, 0x00, 0x00, 0x06, 0x00, 0x00, 0x00, 0xf4, 0x10, 0x00, 0x00, 0x05, 0x00, 0x00, 0x00, 
	0xf8, 0x10, 0x00, 0x00, 0x06, 0x00, 0x00, 0x00, 0x08, 0x11, 0x00, 0x00, 0x05, 0x00, 0x00, 0x00, 
	0x0c, 0x11, 0x00, 0x00, 0x06, 0x00, 0x00, 0x00, 0x40, 0x11, 0x00, 0x00, 0x05, 0x00, 0x00, 0x00, 
	0x44, 0x11, 0x00, 0x00, 0x06, 0x00, 0x00, 0x00, 0x48, 0x11, 0x00, 0x00, 0x05, 0x00, 0x00, 0x00, 
	0x4c, 0x11, 0x00, 0x00, 0x06, 0x00, 0x00, 0x00, 0x58, 0x11, 0x00, 0x00, 0x05, 0x00, 0x00, 0x00, 
	0x5c, 0x11, 0x00, 0x00, 0x06, 0x00, 0x00, 0x00, 0xb0, 0x11, 0x00, 0x00, 0x05, 0x00, 0x00, 0x00, 
	0xb4, 0x11, 0x00, 0x00, 0x06, 0x00, 0x00, 0x00, 0xb8, 0x11, 0x00, 0x00, 0x05, 0x00, 0x00, 0x00, 
	0xbc, 0x11, 0x00, 0x00, 0x06, 0x00, 0x00, 0x00, 0xc0, 0x11, 0x00, 0x00, 0x05, 0x00, 0x00, 0x00, 
	0xc8, 0x11, 0x00, 0x00, 0x06, 0x00, 0x00, 0x00, 0xcc, 0x11, 0x00, 0x00, 0x05, 0x00, 0x00, 0x00, 
	0xd0, 0x11, 0x00, 0x00, 0x06, 0x00, 0x00, 0x00, 0x08, 0x12, 0x00, 0x00, 0x05, 0x00, 0x00, 0x00, 
	0x0c, 0x12, 0x00, 0x00, 0x06, 0x00, 0x00, 0x00, 0x10, 0x12, 0x00, 0x00, 0x05, 0x00, 0x00, 0x00, 
	0x14, 0x12, 0x00, 0x00, 0x06, 0x00, 0x00, 0x00, 0x20, 0x12, 0x00, 0x00, 0x05, 0x00, 0x00, 0x00, 
	0x24, 0x12, 0x00, 0x00, 0x06, 0x00, 0x00, 0x00, 0x60, 0x12, 0x00, 0x00, 0x05, 0x00, 0x00, 0x00, 
	0x64, 0x12, 0x00, 0x00, 0x06, 0x00, 0x00, 0x00, 0xf4, 0x12, 0x00, 0x00, 0x05, 0x00, 0x00, 0x00, 
	0xf8, 0x12, 0x00, 0x00, 0x06, 0x00, 0x00, 0x00, 0x88, 0x13, 0x00, 0x00, 0x05, 0x00, 0x00, 0x00, 
	0x8c, 0x13, 0x00, 0x00, 0x06, 0x00, 0x00, 0x00, 0x30, 0x14, 0x00, 0x00, 0x05, 0x00, 0x00, 0x00, 
	0x34, 0x14, 0x00, 0x00, 0x06, 0x00, 0x00, 0x00, 0xa8, 0x14, 0x00, 0x00, 0x05, 0x00, 0x00, 0x00, 
	0xac, 0x14, 0x00, 0x00, 0x06, 0x00, 0x00, 0x00, 0x50, 0x15, 0x00, 0x00, 0x05, 0x00, 0x00, 0x00, 
	0x54, 0x15, 0x00, 0x00, 0x06, 0x00, 0x00, 0x00, 0xcc, 0x15, 0x00, 0x00, 0x05, 0x00, 0x00, 0x00, 
	0xd0, 0x15, 0x00, 0x00, 0x06, 0x00, 0x00, 0x00, 0x7c, 0x16, 0x00, 0x00, 0x05, 0x00, 0x00, 0x00, 
	0x80, 0x16, 0x00, 0x00, 0x06, 0x00, 0x00, 0x00, 0xf4, 0x16, 0x00, 0x00, 0x05, 0x00, 0x00, 0x00, 
	0xf8, 0x16, 0x00, 0x00, 0x06, 0x00, 0x00, 0x00, 0x94, 0x17, 0x00, 0x00, 0x05, 0x00, 0x00, 0x00, 
	0x98, 0x17, 0x00, 0x00, 0x06, 0x00, 0x00, 0x00, 0x30, 0x18, 0x00, 0x00, 0x05, 0x00, 0x00, 0x00, 
	0x34, 0x18, 0x00, 0x00, 0x06, 0x00, 0x00, 0x00, 0x54, 0x18, 0x00, 0x00, 0x05, 0x00, 0x00, 0x00, 
	0x58, 0x18, 0x00, 0x00, 0x06, 0x00, 0x00, 0x00, 0x78, 0x18, 0x00, 0x00, 0x05, 0x00, 0x00, 0x00, 
	0x80, 0x18, 0x00, 0x00, 0x06, 0x00, 0x00, 0x00, 0xcc, 0x18, 0x00, 0x00, 0x05, 0x00, 0x00, 0x00, 
	0xd0, 0x18, 0x00, 0x00, 0x06, 0x00, 0x00, 0x00, 0x9c, 0x1a, 0x00, 0x00, 0x05, 0x00, 0x00, 0x00, 
	0xa0, 0x1a, 0x00, 0x00, 0x06, 0x00, 0x00, 0x00, 0x10, 0x1c, 0x00, 0x00, 0x05, 0x00, 0x00, 0x00, 
	0x14, 0x1c, 0x00, 0x00, 0x06, 0x00, 0x00, 0x00, 0x8c, 0x1c, 0x00, 0x00, 0x05, 0x00, 0x00, 0x00, 
	0x90, 0x1c, 0x00, 0x00, 0x06, 0x00, 0x00, 0x00, 0x8c, 0x1d, 0x00, 0x00, 0x05, 0x00, 0x00, 0x00, 
	0x90, 0x1d, 0x00, 0x00, 0x06, 0x00, 0x00, 0x00, 0x90, 0x1e, 0x00, 0x00, 0x05, 0x00, 0x00, 0x00, 
	0x94, 0x1e, 0x00, 0x00, 0x06, 0x00, 0x00, 0x00, 0xc0, 0x1f, 0x00, 0x00, 0x05, 0x00, 0x00, 0x00, 
	0xc4, 0x1f, 0x00, 0x00, 0x06, 0x00, 0x00, 0x00, 0xb4, 0x22, 0x00, 0x00, 0x05, 0x00, 0x00, 0x00, 
	0xb8, 0x22, 0x00, 0x00, 0x06, 0x00, 0x00, 0x00, 0xb8, 0x25, 0x00, 0x00, 0x05, 0x00, 0x00, 0x00, 
	0xbc, 0x25, 0x00, 0x00, 0x06, 0x00, 0x00, 0x00, 0x6c, 0x26, 0x00, 0x00, 0x05, 0x00, 0x00, 0x00, 
	0x70, 0x26, 0x00, 0x00, 0x06, 0x00, 0x00, 0x00, 0x68, 0x27, 0x00, 0x00, 0x05, 0x00, 0x00, 0x00, 
	0x6c, 0x27, 0x00, 0x00, 0x06, 0x00, 0x00, 0x00, 0x64, 0x28, 0x00, 0x00, 0x05, 0x00, 0x00, 0x00, 
	0x68, 0x28, 0x00, 0x00, 0x06, 0x00, 0x00, 0x00, 0x98, 0x29, 0x00, 0x00, 0x05, 0x00, 0x00, 0x00, 
	0x9c, 0x29, 0x00, 0x00, 0x06, 0x00, 0x00, 0x00, 0x80, 0x2a, 0x00, 0x00, 0x05, 0x00, 0x00, 0x00, 
	0x84, 0x2a, 0x00, 0x00, 0x06, 0x00, 0x00, 0x00, 0x34, 0x2b, 0x00, 0x00, 0x05, 0x00, 0x00, 0x00, 
	0x38, 0x2b, 0x00, 0x00, 0x06, 0x00, 0x00, 0x00, 0xa4, 0x2b, 0x00, 0x00, 0x05, 0x00, 0x00, 0x00, 
	0xa8, 0x2b, 0x00, 0x00, 0x06, 0x00, 0x00, 0x00, 0xc4, 0x2c, 0x00, 0x00, 0x05, 0x00, 0x00, 0x00, 
	0xc8, 0x2c, 0x00, 0x00, 0x06, 0x00, 0x00, 0x00, 0x0c, 0x2d, 0x00, 0x00, 0x05, 0x00, 0x00, 0x00, 
	0x10, 0x2d, 0x00, 0x00, 0x06, 0x00, 0x00, 0x00, 0xf8, 0x2d, 0x00, 0x00, 0x05, 0x00, 0x00, 0x00, 
	0xfc, 0x2d, 0x00, 0x00, 0x06, 0x00, 0x00, 0x00, 0x10, 0x2e, 0x00, 0x00, 0x05, 0x00, 0x00, 0x00, 
	0x18, 0x2e, 0x00, 0x00, 0x06, 0x00, 0x00, 0x00, 0x2c, 0x2e, 0x00, 0x00, 0x05, 0x00, 0x00, 0x00, 
	0x30, 0x2e, 0x00, 0x00, 0x06, 0x00, 0x00, 0x00, 0xac, 0x30, 0x00, 0x00, 0x05, 0x00, 0x00, 0x00, 
	0xb0, 0x30, 0x00, 0x00, 0x06, 0x00, 0x00, 0x00, 0x90, 0x31, 0x00, 0x00, 0x02, 0x00, 0x00, 0x00, 
	0x94, 0x31, 0x00, 0x00, 0x02, 0x00, 0x00, 0x00, 0x98, 0x31, 0x00, 0x00, 0x02, 0x00, 0x00, 0x00, 
	0x9c, 0x31, 0x00, 0x00, 0x02, 0x00, 0x00, 0x00, 0xa0, 0x31, 0x00, 0x00, 0x02, 0x00, 0x00, 0x00, 
	0xa4, 0x31, 0x00, 0x00, 0x02, 0x00, 0x00, 0x00, 0xa8, 0x31, 0x00, 0x00, 0x02, 0x00, 0x00, 0x00, 
	0xac, 0x31, 0x00, 0x00, 0x02, 0x00, 0x00, 0x00, 0xb0, 0x31, 0x00, 0x00, 0x02, 0x00, 0x00, 0x00, 
	0xb4, 0x31, 0x00, 0x00, 0x02, 0x00, 0x00, 0x00, 0xb8, 0x31, 0x00, 0x00, 0x02, 0x00, 0x00, 0x00, 
	0xbc, 0x31, 0x00, 0x00, 0x02, 0x00, 0x00, 0x00, 0xb0, 0x32, 0x00, 0x00, 0x02, 0x00, 0x00, 0x00, 
	0xbc, 0x32, 0x00, 0x00, 0x02, 0x00, 0x00, 0x00, 0xc0, 0x32, 0x00, 0x00, 0x02, 0x00, 0x00, 0x00, 
	0xc4, 0x32, 0x00, 0x00, 0x02, 0x00, 0x00, 0x00, 0xc8, 0x32, 0x00, 0x00, 0x02, 0x00, 0x00, 0x00, 
	0xcc, 0x32, 0x00, 0x00, 0x02, 0x00, 0x00, 0x00, 0xd0, 0x32, 0x00, 0x00, 0x02, 0x00, 0x00, 0x00, 
	0xd4, 0x32, 0x00, 0x00, 0x02, 0x00, 0x00, 0x00, 0xd8, 0x32, 0x00, 0x00, 0x02, 0x00, 0x00, 0x00, 
	0xdc, 0x32, 0x00, 0x00, 0x02, 0x00, 0x00, 0x00, 0xe0, 0x32, 0x00, 0x00, 0x02, 0x00, 0x00, 0x00, 
	0xe4, 0x32, 0x00, 0x00, 0x02, 0x00, 0x00, 0x00, 0xe8, 0x32, 0x00, 0x00, 0x02, 0x00, 0x00, 0x00, 
	0xec, 0x32, 0x00, 0x00, 0x02, 0x00, 0x00, 0x00, 0xf0, 0x32, 0x00, 0x00, 0x02, 0x00, 0x00, 0x00, 
	0xf4, 0x32, 0x00, 0x00, 0x02, 0x00, 0x00, 0x00, 0xf8, 0x32, 0x00, 0x00, 0x02, 0x00, 0x00, 0x00, 
	0xfc, 0x32, 0x00, 0x00, 0x02, 0x00, 0x00, 0x00, 0x00, 0x33, 0x00, 0x00, 0x02, 0x00, 0x00, 0x00, 
	0x04, 0x33, 0x00, 0x00, 0x02, 0x00, 0x00, 0x00, 0x08, 0x33, 0x00, 0x00, 0x02, 0x00, 0x00, 0x00, 
	0x0c, 0x33, 0x00, 0x00, 0x02, 0x00, 0x00, 0x00, 0x10, 0x33, 0x00, 0x00, 0x02, 0x00, 0x00, 0x00, 
	0x14, 0x33, 0x00, 0x00, 0x02, 0x00, 0x00, 0x00, 0x18, 0x33, 0x00, 0x00, 0x02, 0x00, 0x00, 0x00, 
	0x1c, 0x33, 0x00, 0x00, 0x02, 0x00, 0x00, 0x00, 0x20, 0x33, 0x00, 0x00, 0x02, 0x00, 0x00, 0x00, 
	0x24, 0x33, 0x00, 0x00, 0x02, 0x00, 0x00, 0x00, 0x28, 0x33, 0x00, 0x00, 0x02, 0x00, 0x00, 0x00, 
	0x2c, 0x33, 0x00, 0x00, 0x02, 0x00, 0x00, 0x00, 0x40, 0x33, 0x00, 0x00, 0x02, 0x00, 0x00, 0x00, 
	0x48, 0x33, 0x00, 0x00, 0x02, 0x00, 0x00, 0x00, 0x4c, 0x33, 0x00, 0x00, 0x02, 0x00, 0x00, 0x00, 
	0x50, 0x33, 0x00, 0x00, 0x02, 0x00, 0x00, 0x00, 0x54, 0x33, 0x00, 0x00, 0x02, 0x00, 0x00, 0x00, 
	0x58, 0x33, 0x00, 0x00, 0x02, 0x00, 0x00, 0x00, 0x00, 0x00, 0x00, 0x00, 0x00, 0x00, 0x00, 0x00, 
	0x00, 0x00, 0x00, 0x00, 0x00, 0x00, 0x00, 0x00, 0x00, 
};

#endif
